JASID,©΅‘ΜƒR[ƒh,βΥ”Τ†,‚Σ‚θ‚‚Θ,βΥ–Ό,έ’n,o“x,ά“x
13103000800,13103,8,,`‹ζNo.8βΥ,`‹ζ ΤβZ’–Ϊ,139.7354352,35.66837971
13103002400,13103,24,‚ά‚ι‚β‚ά‚±‚Σ‚ρ,ΫRΓ•­,`‹ζ Εφ‰€l’–Ϊ,139.7479137,35.65494619
13103002500,13103,25,‚ά‚ι‚β‚ά‚±‚Σ‚ρ‚®‚ρ,ΫRΓ•­Q,`‹ζ Εφ‰€l’–Ϊ,139.7474845,35.65553201
13103002501,13103,,‚ά‚ι‚β‚ά‚±‚Σ‚ρ‚®‚ρ@‚Ά‚Ώ‚²‚¤‚Σ‚ρ,ΫRΓ•­Q@1†•­,`‹ζ Εφ‰€l’–Ϊ,139.7474502,35.65461143
13103002502,13103,,‚ά‚ι‚β‚ά‚±‚Σ‚ρ‚®‚ρ@‚Ι‚²‚¤‚Σ‚ρ,ΫRΓ•­Q@2†•­,`‹ζ Εφ‰€l’–Ϊ,139.7468494,35.6548625
13103002503,13103,,‚ά‚ι‚β‚ά‚±‚Σ‚ρ‚®‚ρ@‚³‚ρ‚²‚¤‚Σ‚ρ,ΫRΓ•­Q@3†•­,`‹ζ Εφ‰€l’–Ϊ,139.7466262,35.65519726
13103002504,13103,,‚ά‚ι‚β‚ά‚±‚Σ‚ρ‚®‚ρ@‚ζ‚ρ‚²‚¤‚Σ‚ρ,ΫRΓ•­Q@4†•­,`‹ζ Εφ‰€l’–Ϊ,139.7464889,35.65565755
13103002505,13103,,‚ά‚ι‚β‚ά‚±‚Σ‚ρ‚®‚ρ@‚²‚²‚¤‚Σ‚ρ,ΫRΓ•­Q@5†•­,`‹ζ Εφ‰€l’–Ϊ,139.7465232,35.65610388
13103002506,13103,,‚ά‚ι‚β‚ά‚±‚Σ‚ρ‚®‚ρ@‚λ‚­‚²‚¤‚Σ‚ρ,ΫRΓ•­Q@6†•­,`‹ζ Εφ‰€l’–Ϊ,139.7468494,35.65646653
13103002507,13103,,‚ά‚ι‚β‚ά‚±‚Σ‚ρ‚®‚ρ@‚Θ‚Θ‚²‚¤‚Σ‚ρ,ΫRΓ•­Q@7†•­,`‹ζ Εφ‰€l’–Ϊ,139.7473129,35.6563131
13103002508,13103,,‚ά‚ι‚β‚ά‚±‚Σ‚ρ‚®‚ρ@‚Ν‚Ώ‚²‚¤‚Σ‚ρ,ΫRΓ•­Q@8†•­,`‹ζ Εφ‰€l’–Ϊ,139.7477249,35.65645258
13103002509,13103,,‚ά‚ι‚β‚ά‚±‚Σ‚ρ‚®‚ρ@‚«‚γ‚¤‚²‚¤‚Σ‚ρ,ΫRΓ•­Q@9†•­,`‹ζ Εφ‰€l’–Ϊ,139.748051,35.65628521
13103002600,13103,26,,`‹ζNo.26βΥ,`‹ζ Εφ‰€l’–Ϊ,139.7473472,35.65747078
13103003300,13103,33,,`‹ζNo.33βΥ,`‹ζ –ƒ•z‘δκ’–Ϊ,139.7406146,35.66122309
13103003600,13103,36,,`‹ζNo.36βΥ,`‹ζ Z–{–ΨZ’–Ϊ,139.7316628,35.66153105
13103004900,13103,49,,`‹ζNo.49βΥ,`‹ζ “μ–ƒ•zά’–Ϊ,139.724762,35.65140484
13103005400,13103,54,‚Λ‚±‚Γ‚©i‚¨‚Ή‚ρ‚Ώ‚β‚άj‚Ά‚Ή‚«,”L’ΛiƒIƒZƒ“ƒ`RjβΥ,`‹ζ O“cκ’–Ϊ,139.7432998,35.65271046
13103005700,13103,57,‚©‚ί‚Γ‚©‚Ά‚Ή‚«,‹T’ΛβΥ,`‹ζ O“cl’–Ϊ,139.740881,35.64355127
13103006100,13103,61,,`‹ζNo.61βΥ,`‹ζ O“cO’–Ϊ,139.7409325,35.64282586
13105000200,13105,2,‚¨‚¨‚Β‚©‚±‚Σ‚ρ,‘ε’ΛΓ•­,•¶‹‹ζ ‘ε’Λκ’–Ϊ,139.7344217,35.71637583
13105001300,13105,13,‚ ‚―‚Ϊ‚Μ‚Ώ‚ε‚¤‚±‚Σ‚ρ,’¬Γ•­,•¶‹‹ζ –{‹ξκ’–Ϊ,139.7523089,35.72384597
13105001500,13105,15,‚Σ‚¶‚¶‚ρ‚¶‚α‚±‚Σ‚ρ,•xm_ΠΓ•­,•¶‹‹ζ –{‹ξά’–Ϊ,139.7512446,35.73117605
13105002000,13105,20,‚²‚Δ‚ρ‚ά‚Ώ‚±‚Σ‚ρ,δ“a’¬Γ•­,•¶‹‹ζ ”’R“ρ’–Ϊ,139.7484636,35.71782531
13105002300,13105,23,‚Ν‚­‚³‚ρ‚¶‚ρ‚¶‚α‚±‚Σ‚ρ,”’R_ΠΓ•­,•¶‹‹ζ ”’Rά’–Ϊ,139.7505067,35.72222407
13105003700,13105,37,‚Β‚Ξ‚«‚β‚ά‚±‚Σ‚ρ,’ΦRΓ•­,•¶‹‹ζ –{‹½µ’–Ϊ,139.7611666,35.71038249
13106000300,13106,3,‚·‚θ‚Ξ‚Ώ‚β‚ά‚±‚Σ‚ρ, ”«RΓ•­,‘δ“‹ζ γ–μφ‰€,139.7738078,35.7139363
13106000500,13106,5,,‘δ“‹ζNo.5βΥ,‘δ“‹ζ γ–μφ‰€,139.7754214,35.7186193
13106000900,13106,9,‚Ζ‚θ‚²‚¦‚±‚Σ‚ρ,’Ή‰zΓ•­,‘δ“‹ζ ’Ή‰z“ρ’–Ϊ,139.7875929,35.70195662
13106001300,13106,13,‚Φ‚Ρ‚Γ‚©‚±‚Σ‚ρ,Φ’ΛΓ•­,‘δ“‹ζ γ–μφ‰€,139.7739747,35.71767561
13106001400,13106,14,‚¨‚¤‚¤‚ρ‚Ύ‚Ά‚±‚Σ‚ρ,χ‰_‘δΓ•­,‘δ“‹ζ γ–μφ‰€,139.7756398,35.71442817
13109001800,13109,18,,•iμ‹ζNo.18βΥ,•iμ‹ζ “μ•iμά’–Ϊ,139.7416467,35.60782891
13109001900,13109,19,‚¨‚¨‚Ά‚Ν‚β‚µ‚Ώ‚ε‚¤‚±‚Σ‚ρ,‘εδ—Ρ’¬Γ•­,•iμ‹ζ “‘εδl’–Ϊ,139.7411009,35.60679337
13109002000,13109,20,‚¨‚¨‚Ά‚±‚¤‚¦‚ρ‚Θ‚Ά‚±‚Σ‚ρ,‘εδφ‰€“ΰΓ•­,•iμ‹ζ “‘εδl’–Ϊ,139.7409449,35.60532457
13110001800,13110,18,‚¨‚¨‚Β‚©‚β‚ά‚±‚Σ‚ρ,‘ε’ΛRΓ•­,–Ϊ•‹ζ –Ϊ•l’–Ϊ,139.701523,35.632854
13110002500,13110,25,‚«‚Β‚Λ‚Γ‚©‚±‚Σ‚ρ,Ο’ΛΓ•­,–Ϊ•‹ζ ”θ•¶’J“ρ’–Ϊ,139.6888711,35.62368702
13111000200,13111,2,‚Ή‚ρ‚°‚ρ‚¶‚ρ‚¶‚α‚±‚Σ‚ρ,σΤ_ΠΓ•­,‘ε“c‹ζ “c‰€’²•zκ’–Ϊ,139.6687695,35.58743962
13111000800,13111,8,‚Ι‚µ‚¨‚©19‚²‚¤‚Σ‚ρ,Ό‰19†•­,‘ε“c‹ζ “c‰€’²•zά’–Ϊ,139.6587397,35.59761202
13111000900,13111,9,‚Ι‚µ‚¨‚©20‚²‚¤‚Σ‚ρ,Ό‰20†•­,‘ε“c‹ζ “c‰€’²•zά’–Ϊ,139.6578784,35.59596871
13111001000,13111,10,‚Ι‚µ‚¨‚©21‚²‚¤‚Σ‚ρ,Ό‰21†•­,‘ε“c‹ζ “c‰€’²•zά’–Ϊ,139.6579115,35.59571279
13111001100,13111,11,‚Ι‚µ‚¨‚©22‚²‚¤‚Σ‚ρ,Ό‰22†•­,‘ε“c‹ζ “c‰€’²•zά’–Ϊ,139.6581103,35.59556462
13111001200,13111,12,‚Ι‚µ‚¨‚©23‚²‚¤‚Σ‚ρ,Ό‰23†•­,‘ε“c‹ζ “c‰€’²•zά’–Ϊ,139.6582659,35.59544897
13111001300,13111,13,‚Ι‚µ‚¨‚©24‚²‚¤‚Σ‚ρ,Ό‰24†•­,‘ε“c‹ζ “c‰€’²•zά’–Ϊ,139.6586951,35.59520469
13111001400,13111,14,‚Ά‚Α‚Ϋ‚ρ‚ά‚Β‚±‚Σ‚ρi‚Ι‚µ‚¨‚©25‚²‚¤‚Σ‚ρj,κ–{ΌΓ•­(Ό‰25†•­j,‘ε“c‹ζ “c‰€’²•zά’–Ϊ,139.660401,35.59766486
13111001500,13111,15,‚Ι‚µ‚¨‚©26‚²‚¤‚Σ‚ρ,Ό‰26†•­,‘ε“c‹ζ “c‰€’²•zl’–Ϊ,139.6602508,35.59732463
13111001600,13111,16,‚Ι‚µ‚¨‚©27‚²‚¤‚Σ‚ρ,Ό‰27†•­,‘ε“c‹ζ “c‰€’²•zά’–Ϊ,139.6598109,35.596112
13111001700,13111,17,‚Ι‚µ‚¨‚©28‚²‚¤‚Σ‚ρ,Ό‰28†•­,‘ε“c‹ζ “c‰€’²•zά’–Ϊ,139.6602231,35.59584821
13111001800,13111,18,‚Ι‚µ‚¨‚©29‚²‚¤‚Σ‚ρ,Ό‰29†•­,‘ε“c‹ζ “c‰€’²•zά’–Ϊ,139.6593983,35.59610788
13111001900,13111,19,‚Ι‚µ‚¨‚©30‚²‚¤‚Σ‚ρ,Ό‰30†•­,‘ε“c‹ζ “c‰€’²•zά’–Ϊ,139.6594643,35.59568898
13111002000,13111,20,‚Ι‚µ‚¨‚©31‚²‚¤‚Σ‚ρ,Ό‰31†•­,‘ε“c‹ζ “c‰€’²•zά’–Ϊ,139.6593099,35.59519127
13111002100,13111,21,‚Ι‚µ‚¨‚©32‚²‚¤‚Σ‚ρ,Ό‰32†•­,‘ε“c‹ζ “c‰€’²•zά’–Ϊ,139.6591834,35.59476115
13111002200,13111,22,‚Ι‚µ‚¨‚©33‚²‚¤‚Σ‚ρ,Ό‰33†•­,‘ε“c‹ζ “c‰€’²•zl’–Ϊ,139.6606553,35.59527542
13111002300,13111,23,‚Ή‚ρ‚°‚ρ‚³‚ά‚±‚Σ‚ρi‚Ι‚µ‚¨‚©34‚²‚¤‚Σ‚ρj,σΤ—lΓ•­(Ό‰34†•­j,‘ε“c‹ζ “c‰€’²•zl’–Ϊ,139.6608623,35.59448064
13111002400,13111,24,‚Ι‚µ‚¨‚©35‚²‚¤‚Σ‚ρ,Ό‰35†•­,‘ε“c‹ζ “c‰€’²•zl’–Ϊ,139.6613682,35.59369521
13111002500,13111,25,‚©‚ρ‚Μ‚ρ‚Γ‚©‚±‚Σ‚ρi‚Ι‚µ‚¨‚©36‚²‚¤‚Σ‚ρj,Ο‰Ή’ΛΓ•­(Ό‰36†•­j,‘ε“c‹ζ “c‰€’²•zl’–Ϊ,139.6625296,35.59444324
13111002600,13111,26,‚½‚ά‚‚ν‚Ύ‚Ά‚±‚Σ‚ρ‚®‚ρ,‘½–€μ‘δΓ•­Q1?8†•­,‘ε“c‹ζ “c‰€’²•zκ’–Ϊ@ “c‰€’²•zl’–Ϊ,139.6653353,35.59098393
13111002800,13111,28,‚µ‚ΰ‚Κ‚ά‚Χ‚«‚Β‚Λ‚Γ‚©1E2‚²‚¤‚Σ‚ρ,‰Ίΐ•”Ο’Λ1E2†•­,‘ε“c‹ζ “c‰€’²•z“ρ’–Ϊ,139.6707426,35.5931476
13111003000,13111,30,‚Ά‚µ‚Γ‚©‚±‚Σ‚ρ,Ξ’ΛΓ•­,‘ε“c‹ζ Ό—δ’¬,139.6774303,35.58177573
13111003500,13111,35,‚©‚ί‚Μ‚±‚β‚ά‚±‚Σ‚ρi‚Ι‚µ‚¨‚©46‚²‚¤‚Σ‚ρj,‹TbRΓ•­iΌ‰46†•­j,‘ε“c‹ζ “c‰€’²•zκ’–Ϊ,139.6672172,35.58937143
13111003600,13111,36,‚Ι‚µ‚¨‚©47‚²‚¤‚Σ‚ρ,Ό‰47†•­,‘ε“c‹ζ “c‰€’²•zO’–Ϊ,139.6673245,35.5914479
13111003800,13111,38,‚Ω‚¤‚η‚Ά‚³‚ρi‚Ω‚¤‚η‚Ά‚Γ‚©j‚±‚Σ‚ρ,•σ—‰Ri–H—‰’ΛjΓ•­,‘ε“c‹ζ “c‰€’²•zl’–Ϊ,139.6632476,35.59286127
13111005000,13111,50,‚Ι‚µ‚¨‚©49‚²‚¤‚Σ‚ρ,Ό‰49†•­,‘ε“c‹ζ “c‰€’²•z–{’¬,139.6709538,35.58545938
13111005100,13111,51,‚Ι‚µ‚¨‚©50‚²‚¤‚Σ‚ρ,Ό‰50†•­,‘ε“c‹ζ “c‰€’²•z–{’¬,139.6708465,35.58590436
13111005200,13111,52,‚Ι‚µ‚¨‚©51‚²‚¤‚Σ‚ρ,Ό‰51†•­,‘ε“c‹ζ “c‰€’²•z–{’¬,139.6716083,35.58488351
13111005300,13111,53,‚Ι‚µ‚¨‚©52‚²‚¤‚Σ‚ρ,Ό‰52†•­,‘ε“c‹ζ “c‰€’²•z–{’¬,139.6722949,35.5844996
13111005400,13111,54,‚Ι‚µ‚¨‚©53‚²‚¤‚Σ‚ρ,Ό‰53†•­,‘ε“c‹ζ “c‰€’²•z“μ,139.676801,35.5810443
13111005500,13111,55,‚Ι‚µ‚¨‚©54‚²‚¤‚Σ‚ρ,Ό‰54†•­,‘ε“c‹ζ Ό—δ’¬,139.6781743,35.58182961
13111005600,13111,56,‚¤‚Μ‚«‚¨‚¨‚Β‚©‚±‚Σ‚ρ,‰L–Ψ‘ε’ΛΓ•­,‘ε“c‹ζ α’J‘ε’Λ’¬,139.6771517,35.59133995
13111008300,13111,83,‚·‚θ‚Ξ‚Ώ‚β‚ά‚±‚Σ‚ρ,ƒXƒƒoƒ`RΓ•­,‘ε“c‹ζ ‹v‚΄Z’–Ϊ,139.6935284,35.57388922
13111008600,13111,86,‚¨‚¨‚Β‚©‚±‚Σ‚ρ,‘ε’ΛΓ•­,‘ε“c‹ζ η’Ήκ’–Ϊ,139.6916401,35.57430809
13111009002,13111,,‚ ‚η‚Γ‚©‚P‚²‚¤‚Σ‚ρ,r’Λ1†•­,‘ε“c‹ζ ‰L‚Μ–Ψκ’–Ϊ,139.6841959,35.57387143
13111009003,13111,,‚ ‚η‚Γ‚©2‚²‚¤‚Σ‚ρ,r’Λ2†•­,‘ε“c‹ζ ‰L‚Μ–Ψκ’–Ϊ,139.6839599,35.57381034
13111009400,13111,94,‚¨‚Θ‚Γ‚©‚±‚Σ‚ρ,—’ΛΓ•­,‘ε“c‹ζ Ό—“cZ’–Ϊ,139.712384,35.56524609
13111009700,13111,97,‚Π‚¦‚Ύ‚¶‚ρ‚¶‚α‚―‚Ά‚Ύ‚Ά‚±‚Σ‚ρ,?“c_Π‹«“ΰΓ•­,‘ε“c‹ζ —“cO’–Ϊ,139.7225496,35.56436462
13111009800,13111,98,‚©‚ά‚½‚Ν‚Ώ‚ά‚ρ‚¶‚ρ‚¶‚α‚―‚Ά‚Ύ‚Ά‚±‚Σ‚ρ,—“c””¦_Π‹«“ΰΓ•­,‘ε“c‹ζ —“cl’–Ϊ,139.7224852,35.56057679
13111010100,13111,101,‚β‚­‚µ‚Γ‚©‚±‚Σ‚ρ,–ςt’ΛΓ•­,‘ε“c‹ζ Όβο’JO’–Ϊ,139.7381708,35.55472887
13111010600,13111,106,‚¨‚¨‚ΰ‚θ‚έ‚Θ‚έ‚±‚Σ‚ρ,‘εX“μΓ•­,‘ε“c‹ζ ‘εX“μκ’–Ϊ,139.7383679,35.56248294
13111011200,13111,112,‚Β‚Β‚έ‚©‚½‚²‚ρ‚°‚ρ‚Ύ‚Ά‚±‚Σ‚ρ,’η•ϋ »‘δΓ•­,‘ε“c‹ζ ’rγκ’–Ϊ,139.7073986,35.57649601
13111014500,13111,145,‚¨‚¤‚¬‚Γ‚©‚±‚Σ‚ρ,ξ’ΛΓ•­,‘ε“c‹ζ “c‰€’²•zκ’–Ϊ,139.6709204,35.58696438
13111015100,13111,151,‚Π‚‚µ‚±‚¤‚¶‚β‚β‚­‚µ‚Γ‚©‚±‚Σ‚ρ,“βο’J–ςt’ΛΓ•­,‘ε“c‹ζ “βο’Jκ’–Ϊ,139.7407095,35.55951162
13111015500,13111,155,‚Ή‚ρ‚°‚ρ‚¶‚ρ‚¶‚α‚«‚½‚±‚Σ‚ρ,σΤ_Π–kΓ•­,‘ε“c‹ζ “c‰€’²•zκ’–Ϊ,139.6682356,35.58793012
13111015600,13111,156,‚Ι‚µ‚έ‚Λ‚±‚Σ‚ρ,Ό—δΓ•­,‘ε“c‹ζ Ό—δ’¬,139.6779988,35.58063574
13111015700,13111,157,‚¤‚Μ‚«‚Ά‚Α‚Ώ‚ε‚¤‚ί15‚Ξ‚ρ‚±‚Σ‚ρ,‰L‚Μ–Ψκ’–Ϊ15”ΤΓ•­,‘ε“c‹ζ ‰L‚Μ–Ψκ’–Ϊ,139.6826498,35.57641237
13111015800,13111,158,‚έ‚µ‚ά‚Γ‚©‚±‚Σ‚ρ,O“‡’ΛΓ•­,‘ε“c‹ζ ‰L‚Μ–Ψκ’–Ϊ,139.6830467,35.57518197
13111015900,13111,159,‚Ν‚Ώ‚ά‚ρ‚¶‚ρ‚¶‚α‚―‚Ά‚Ύ‚Ά‚±‚Σ‚ρ,””¦_Π‹«“ΰΓ•­,‘ε“c‹ζ “c‰€’²•zά’–Ϊ,139.6572278,35.59580502
13111016000,13111,160,‚Ι‚µ‚±‚¤‚¶‚β‚¨‚¨‚Β‚©,Όβο’J‘ε’Λ,‘ε“c‹ζ Όβο’JO’–Ϊ,139.7346606,35.55528909
13111020000,13111,200,‚«‚½‚©‚ά‚½‚±‚Σ‚ρ,–k—“cΓ•­,‘ε“c‹ζ —“c“ρ’–Ϊ,139.7228069,35.56578356
13111020500,13111,205,‚¨‚Ά‚Ή‚Γ‚©,‚¨Ι¨’Λ,‘ε“c‹ζ V—“cκ’–Ϊ,139.7093741,35.55668216
13111020700,13111,207,‚±‚Ζ‚θ‚Γ‚©,¬’Ή’Λ,‘ε“c‹ζ ΌZ‹½κ’–Ϊ,139.7081295,35.55383667
13111020900,13111,209,‚Δ‚ρ‚Μ‚¤‚¬‚±‚Σ‚ρ,“V‰¤–ΨΓ•­,‘ε“c‹ζ ΌZ‹½κ’–Ϊ,139.7060911,35.55200363
13111023400,13111,234,‚Ώ‚ε‚¤‚¦‚Ά‚±‚Σ‚ρ,’·‰hΓ•­,‘ε“c‹ζ ’rγκ’–Ϊ,139.7065079,35.57819371
13112001002,13112,,‚«‚Κ‚½‚Ώ‚γ‚¤‚‚Α‚±‚¤‚±‚Σ‚ρ‚®‚ρ2‚²‚¤‚±‚Σ‚ρ,‹m’†wZΓ•­Q2†Γ•­,Ά“c’J‹ζ ¬ικ’–Ϊ,139.6026937,35.63488369
13112001003,13112,,‚«‚Κ‚½‚Ώ‚γ‚¤‚‚Α‚±‚¤‚±‚Σ‚ρ‚®‚ρ3‚²‚¤‚±‚Σ‚ρ,‹m’†wZΓ•­Q3†Γ•­,Ά“c’J‹ζ ¬ικ’–Ϊ,139.6017589,35.6335968
13112001004,13112,,‚«‚Κ‚½‚Ώ‚γ‚¤‚‚Α‚±‚¤‚±‚Σ‚ρ‚®‚ρ4‚²‚¤‚±‚Σ‚ρ,‹m’†wZΓ•­Q4†Γ•­,Ά“c’J‹ζ ¬ικ’–Ϊ,139.6018616,35.63283375
13112001005,13112,,‚«‚Κ‚½‚Ώ‚γ‚¤‚‚Α‚±‚¤‚±‚Σ‚ρ‚®‚ρ5‚²‚¤‚±‚Σ‚ρ,‹m’†wZΓ•­Q5†Γ•­,Ά“c’J‹ζ ¬ικ’–Ϊ,139.6025804,35.63256549
13112001006,13112,,‚«‚Κ‚½‚Ώ‚γ‚¤‚‚Α‚±‚¤‚±‚Σ‚ρ‚®‚ρ6‚²‚¤‚±‚Σ‚ρ,‹m’†wZΓ•­Q6†Γ•­,Ά“c’J‹ζ ¬ικ’–Ϊ,139.6034605,35.63282779
13112001007,13112,,‚«‚Κ‚½‚Ώ‚γ‚¤‚‚Α‚±‚¤‚±‚Σ‚ρ‚®‚ρ7‚²‚¤‚±‚Σ‚ρ,‹m’†wZΓ•­Q7†Γ•­,Ά“c’J‹ζ ¬ικ’–Ϊ,139.6026937,35.63488369
13112001008,13112,,‚«‚Κ‚½‚Ώ‚γ‚¤‚‚Α‚±‚¤‚±‚Σ‚ρ‚®‚ρ8‚²‚¤‚±‚Σ‚ρ,‹m’†wZΓ•­Q8†Γ•­,Ά“c’J‹ζ ¬ικ’–Ϊ,139.600336,35.63324509
13112001009,13112,,‚«‚Κ‚½‚Ώ‚γ‚¤‚‚Α‚±‚¤‚±‚Σ‚ρ‚®‚ρ9‚²‚¤‚Σ‚ρ,‹m’†wZΓ•­Q9†•­,Ά“c’J‹ζ ¬ικ’–Ϊ,139.6012895,35.63365045
13112002400,13112,24,‚Δ‚ρ‚¶‚ρ‚Γ‚©‚±‚Σ‚ρ,“V_’ΛΓ•­,Ά“c’J‹ζ μ‘½©l’–Ϊ,139.5968285,35.62662704
13112002500,13112,25,‚Ά‚Θ‚θ‚Γ‚©‚±‚Σ‚ρ,ξ‰Χ’ΛΓ•­,Ά“c’J‹ζ μ‘½©l’–Ϊ,139.5968872,35.6273663
13112002600,13112,26,‚Ύ‚Ά‚λ‚­‚Δ‚ρ‚Γ‚©‚±‚Σ‚ρ,‘ζZ“V’ΛΓ•­,Ά“c’J‹ζ μ‘½©l’–Ϊ,139.5967239,35.62605718
13112002801,13112,,‚―‚Ά‚°‚ρ‚¶‚±‚Σ‚ρ‚®‚ρ1‚²‚¤‚Σ‚ρ,c³›Γ•­Q1†•­,Ά“c’J‹ζ μ‘½©l’–Ϊ,139.5959157,35.62654554
13112002802,13112,,‚―‚Ά‚°‚ρ‚¶‚±‚Σ‚ρ‚®‚ρ2‚²‚¤‚Σ‚ρ,c³›Γ•­Q2†•­,Ά“c’J‹ζ μ‘½©l’–Ϊ,139.5954507,35.62687117
13112002803,13112,,‚―‚Ά‚°‚ρ‚¶‚±‚Σ‚ρ‚®‚ρ3‚²‚¤‚Σ‚ρ,c³›Γ•­Q3†•­,Ά“c’J‹ζ μ‘½©l’–Ϊ,139.5945424,35.62693509
13112002804,13112,,‚―‚Ά‚°‚ρ‚¶‚±‚Σ‚ρ‚®‚ρ4‚²‚¤‚Σ‚ρ,c³›Γ•­Q4†•­,Ά“c’J‹ζ μ‘½©l’–Ϊ,139.5941561,35.62704558
13112002805,13112,,‚―‚Ά‚°‚ρ‚¶‚±‚Σ‚ρ‚®‚ρ5‚²‚¤‚Σ‚ρ,c³›Γ•­Q5†•­,Ά“c’J‹ζ μ‘½©l’–Ϊ,139.5943922,35.62721415
13112002806,13112,,‚―‚Ά‚°‚ρ‚¶‚±‚Σ‚ρ‚®‚ρ6‚²‚¤‚Σ‚ρ,c³›Γ•­Q6†•­,Ά“c’J‹ζ μ‘½©l’–Ϊ,139.5941203,35.62743505
13112002807,13112,,‚―‚Ά‚°‚ρ‚¶‚±‚Σ‚ρ‚®‚ρ7‚²‚¤‚Σ‚ρ,c³›Γ•­Q7†•­,Ά“c’J‹ζ μ‘½©l’–Ϊ,139.5941632,35.62727808
13112002808,13112,,‚―‚Ά‚°‚ρ‚¶‚±‚Σ‚ρ‚®‚ρ8‚²‚¤‚Σ‚ρ,c³›Γ•­Q8†•­,Ά“c’J‹ζ μ‘½©l’–Ϊ,139.5929331,35.62763859
13112003301,13112,,‚¨‚¨‚­‚η‚±‚Σ‚ρ‚®‚ρ1‚²‚¤‚Σ‚ρ,‘ε‘ Γ•­Q1†•­,Ά“c’J‹ζ ‘ε‘ l’–Ϊ,139.6115471,35.62908311
13112003302,13112,,‚¨‚¨‚­‚η‚±‚Σ‚ρ‚®‚ρ2‚²‚¤‚Σ‚ρ,‘ε‘ Γ•­Q2†•­,Ά“c’J‹ζ ‘ε‘ l’–Ϊ,139.6122911,35.62878085
13112003303,13112,,‚¨‚¨‚­‚η‚±‚Σ‚ρ‚®‚ρ3‚²‚¤‚Σ‚ρ,‘ε‘ Γ•­Q3†•­,Ά“c’J‹ζ ‘ε‘ l’–Ϊ,139.6120479,35.62908311
13112003901,13112,,‚Ζ‚Μ‚β‚ά‚±‚Σ‚ρ‚®‚ρ1‚²‚¤‚Σ‚ρ,“aRΓ•­Q1†•­,Ά“c’J‹ζ ‘ε‘ Z’–Ϊ,139.6095178,35.62616894
13112003902,13112,,‚Ζ‚Μ‚β‚ά‚±‚Σ‚ρ‚®‚ρ2‚²‚¤‚Σ‚ρ,“aRΓ•­Q2†•­,Ά“c’J‹ζ ‘ε‘ Z’–Ϊ,139.6087096,35.62694796
13112003903,13112,,‚Ζ‚Μ‚β‚ά‚±‚Σ‚ρ‚®‚ρ3‚²‚¤‚Σ‚ρ,“aRΓ•­Q3†•­,Ά“c’J‹ζ ‘ε‘ Z’–Ϊ,139.6090672,35.62671538
13112003904,13112,,‚Ζ‚Μ‚β‚ά‚±‚Σ‚ρ‚®‚ρ4‚²‚¤‚Σ‚ρ,“aRΓ•­Q4†•­,Ά“c’J‹ζ ‘ε‘ Z’–Ϊ,139.6091315,35.62623871
13112003905,13112,,‚Ζ‚Μ‚β‚ά‚±‚Σ‚ρ‚®‚ρ5‚²‚¤‚Σ‚ρ,“aRΓ•­Q5†•­,Ά“c’J‹ζ ‘ε‘ Z’–Ϊ,139.6087525,35.6262503
13112003906,13112,,‚Ζ‚Μ‚β‚ά‚±‚Σ‚ρ‚®‚ρ6‚²‚¤‚Σ‚ρ,“aRΓ•­Q6†•­,Ά“c’J‹ζ ‘ε‘ Z’–Ϊ,139.6084447,35.62630025
13112003907,13112,,‚Ζ‚Μ‚β‚ά‚±‚Σ‚ρ‚®‚ρ7‚²‚¤‚Σ‚ρ,“aRΓ•­Q7†•­,Ά“c’J‹ζ ‘ε‘ Z’–Ϊ,139.6095248,35.6266142
13112003908,13112,,‚Ζ‚Μ‚β‚ά‚±‚Σ‚ρ‚®‚ρ8‚²‚¤‚Σ‚ρi‚½‚Ά‚µ‚ε‚¤‚Γ‚©j,“aRΓ•­Q8†•­i‘ε«’Λj,Ά“c’J‹ζ ‘ε‘ Z’–Ϊ,139.6107479,35.62564907
13112003909,13112,,‚Ζ‚Μ‚β‚ά‚±‚Σ‚ρ‚®‚ρ9‚²‚¤‚Σ‚ρ,“aRΓ•­Q9†•­,Ά“c’J‹ζ ‘ε‘ Z’–Ϊ,139.6116795,35.62648051
13112010800,13112,108,‚½‚ά‚‚ν‚¶‚ρ‚¶‚α‚±‚Σ‚ρ,‹Κμ_ΠΓ•­,Ά“c’J‹ζ £“cl’–Ϊ,139.626,35.62008
13112011500,13112,115,‚©‚έ‚Μ‚°‚Ά‚Θ‚θ‚Γ‚©i‚Ι‚µ‚¨‚©5‚²‚¤‚Σ‚ρj‚±‚Σ‚ρ,γ–μ–Ρξ‰Χ’ΛiΌ‰5†•­jΓ•­,Ά“c’J‹ζ γ–μ–Ρ“ρ’–Ϊ,139.6371,35.60871
13112011900,13112,119,‚Δ‚ρ‚¶‚ρ‚β‚ά‚±‚Σ‚ρ,“V_RΓ•­,Ά“c’J‹ζ –μ–Ρκ’–Ϊ,139.6454,35.60118
13112012700,13112,127,‚Μ‚°‚¨‚¨‚Β‚©i‚Ι‚µ‚¨‚©8‚²‚¤‚Σ‚ρj‚±‚Σ‚ρ,–μ–Ρ‘ε’Λ(Ό‰8†•­)Γ•­,Ά“c’J‹ζ –μ–Ρκ’–Ϊ,139.6431,35.60508
13112012800,13112,128,‚·‚­‚ΰ‚Γ‚©i‚Ι‚µ‚¨‚©6‚²‚¤j‚±‚Σ‚ρ,ƒXƒNƒ‚’Λ(Ό‰6†)Γ•­,Ά“c’J‹ζ –μ–ΡO’–Ϊ,139.64,35.60704
13112012900,13112,129,‚Ι‚µ‚¨‚©7‚²‚¤‚Σ‚ρ,Ό‰7†•­,Ά“c’J‹ζ –μ–Ρ“ρ’–Ϊ,139.641,35.60414
13112013200,13112,132,‚Ι‚µ‚¨‚©4‚²‚¤‚Σ‚ρ,Ό‰4†•­,Ά“c’J‹ζ “™X—ΝO’–Ϊ,139.6472,35.61179
13112013300,13112,133,‚Ι‚µ‚¨‚©9‚²‚¤‚Σ‚ρ,Ό‰9†•­,Ά“c’J‹ζ “™X—Νκ’–Ϊ,139.6466,35.60473
13112013400,13112,134,‚έ‚½‚―‚³‚ρi‚Ι‚µ‚¨‚©10‚²‚¤‚Σ‚ρj‚±‚Σ‚ρ,δxR(Ό‰10†•­)Γ•­,Ά“c’J‹ζ “™X—Νκ’–Ϊ,139.6479,35.6029
13112013500,13112,135,‚Ύ‚Ά‚Ι‚Ώ‚Γ‚©i‚Ι‚µ‚¨‚©11‚²‚¤‚Σ‚ρj,‘ε“ϊ’ΛiΌ‰11†•­j,Ά“c’J‹ζ “™X—Ν“ρ’–Ϊ,139.6497,35.60318
13112013600,13112,136,‚«‚Β‚Λ‚Γ‚©i‚Ι‚µ‚¨‚©12‚²‚¤‚Σ‚ρj‚±‚Σ‚ρ,Ο’Λ(Ό‰12†•­)Γ•­,Ά“c’J‹ζ ”φR‘δ“ρ’–Ϊ,139.6515,35.60222
13112013700,13112,137,‚¨‚β‚ά‚«‚½‚Ν‚η‚Γ‚©i‚Ι‚µ‚¨‚©13‚²‚¤‚Σ‚ρj,”φR–k΄’ΛiΌ‰13†•­j,Ά“c’J‹ζ ”φR‘δ“ρ’–Ϊ,139.6533,35.60129
13112013800,13112,138,‚Ν‚Ώ‚ά‚ρ‚Γ‚©i‚Ι‚µ‚¨‚©14‚²‚¤‚Σ‚ρE‚µ‚ρ‚ί‚Ά‚Γ‚©j‚±‚Σ‚ρ,””¦’Λ(Ό‰14†•­E_–Ύ’Λ)Γ•­,Ά“c’J‹ζ ”φR‘δ“ρ’–Ϊ,139.6552,35.60042
13112013900,13112,139,‚Δ‚ρ‚¬‚ε‚¤‚Γ‚©‚±‚Σ‚ρ,“Vc’ΛΓ•­,Ά“c’J‹ζ ”φR‘δκ’–Ϊ,139.6573,35.60068
13112014000,13112,140,‚Ι‚µ‚¨‚©16‚²‚¤‚Σ‚ρ,Ό‰16†•­,Ά“c’J‹ζ ”φR‘δκ’–Ϊ,139.6569,35.60042
13112014100,13112,141,‚Ι‚µ‚¨‚©17‚²‚¤‚Σ‚ρ,Ό‰17†•­,Ά“c’J‹ζ ”φR‘δκ’–Ϊ,139.6566,35.59972
13112014700,13112,147,‚Ι‚µ‚¨‚©‚¶‚γ‚¤‚Ν‚Ώ‚²‚¤‚Σ‚ρ,Ό‰18†•­,Ά“c’J‹ζ ‹Κμ“c‰€’²•zκ’–Ϊ,139.6627,35.59994
13112022000,13112,220,‚Ά‚Θ‚θ‚ά‚ι‚Γ‚©,ξ‰ΧΫ’Λ,Ά“c’J‹ζ γ–μ–Ρ“ρ’–Ϊ,139.6366354,35.60977516
13112025100,13112,251,‚Ά‚Θ‚θ‚ά‚ι‚±‚Σ‚ρ,ξ‰ΧΫΓ•­,Ά“c’J‹ζ γ–μ–ΡO’–Ϊ,139.6354509,35.6119298
13112026201,13112,,‚¶‚ρ‚β1‚²‚¤‚Σ‚ρ,w‰®1†•­,Ά“c’J‹ζ μ‘½©κ’–Ϊ,139.5963457,35.62438351
13112026202,13112,,‚¶‚ρ‚β2‚²‚¤‚Σ‚ρ,w‰®2†•­,Ά“c’J‹ζ μ‘½©κ’–Ϊ,139.5965603,35.62461026
13112026203,13112,,‚¶‚ρ‚β3‚²‚¤‚Σ‚ρ,w‰®3†•­,Ά“c’J‹ζ μ‘½©l’–Ϊ,139.5967525,35.62561757
13112026204,13112,,‚¶‚ρ‚β4‚²‚¤‚Σ‚ρ,w‰®4†•­,Ά“c’J‹ζ μ‘½©O’–Ϊ,139.5977481,35.62498966
13112026205,13112,,‚¶‚ρ‚β5‚²‚¤‚Σ‚ρ,w‰®5†•­,Ά“c’J‹ζ μ‘½©l’–Ϊ,139.5961689,35.62565943
13112026206,13112,,‚¶‚ρ‚β6‚²‚¤‚Σ‚ρ,w‰®6†•­,Ά“c’J‹ζ μ‘½©O’–Ϊ,139.597525,35.62551989
13112026207,13112,,‚¶‚ρ‚β7‚²‚¤‚Σ‚ρ,w‰®7†•­,Ά“c’J‹ζ μ‘½©O’–Ϊ,139.5985464,35.62495129
13112026209,13112,,‚¶‚ρ‚β9‚²‚¤‚Σ‚ρ,w‰®9†•­,Ά“c’J‹ζ μ‘½©l’–Ϊ,139.5968383,35.6270687
13112026213,13112,,‚¶‚ρ‚β13‚²‚¤‚Σ‚ρ,w‰®13†•­,Ά“c’J‹ζ μ‘½©O’–Ϊ,139.5994047,35.62492338
13112026214,13112,,‚¶‚ρ‚β14‚²‚¤‚Σ‚ρ,w‰®14†•­,Ά“c’J‹ζ μ‘½©l’–Ϊ,139.5972675,35.62712451
13112026215,13112,,‚¶‚ρ‚β15‚²‚¤‚Σ‚ρ,w‰®15†•­,Ά“c’J‹ζ μ‘½©l’–Ϊ,139.5961517,35.62642685
13112026602,13112,,‚µ‚ΰ‚Μ‚Ύ2‚²‚¤‚Σ‚ρ,‰Ί–μ“c2†•­,Ά“c’J‹ζ μ‘½©Z’–Ϊ,139.6065209,35.63028913
13112027200,13112,272,‚Η‚¤‚‚β‚Ζ‚P‚²‚¤‚Σ‚ρ,“°‚’JΛ1†•­,Ά“c’J‹ζ ‰–{O’–Ϊ,139.616195,35.62453376
13112027300,13112,273,‚µ‚ΰ‚β‚ά‚P‚²‚¤‚Σ‚ρ,‰ΊR1†•­,Ά“c’J‹ζ £“cl’–Ϊ,139.6246235,35.62206395
13112030300,13112,303,‚Ζ‚Η‚λ‚«‚Λ1‚²‚¤‚Σ‚ρ,“™X—Ν1†•­,Ά“c’J‹ζ “™X—Νκ’–Ϊ,139.6552347,35.60028312
13112030700,13112,307,‚Μ‚°2‚²‚¤‚Σ‚ρ,–μ–Ρ2†•­,Ά“c’J‹ζ –μ–Ρ“ρ’–Ϊ,139.6412044,35.60273978
13112030800,13112,308,‚Μ‚°3‚²‚¤‚Σ‚ρ,–μ–Ρ3†•­,Ά“c’J‹ζ –μ–Ρ“ρ’–Ϊ,139.6409813,35.60318641
13112030900,13112,309,‚Μ‚°4‚²‚¤‚Σ‚ρ,–μ–Ρ4†•­,Ά“c’J‹ζ –μ–Ρ“ρ’–Ϊ,139.6427014,35.60145482
13112031000,13112,310,‚Μ‚°5‚²‚¤‚Σ‚ρ,–μ–Ρ5†•­,Ά“c’J‹ζ –μ–Ρ“ρ’–Ϊ,139.6429074,35.60160835
13112031100,13112,311,‚Μ‚°6‚²‚¤‚Σ‚ρ,–μ–Ρ6†•­,Ά“c’J‹ζ –μ–Ρ“ρ’–Ϊ,139.643019,35.60131525
13112031500,13112,315,‚έ‚β‚Μ‚Ν‚η1‚²‚¤‚Σ‚ρ,‹{”V΄1†•­,Ά“c’J‹ζ μ‘½©l’–Ϊ,139.5939716,35.62945464
13112031600,13112,316,‚Μ‚°7‚²‚¤‚Σ‚ρ,–μ–Ρ7†•­,Ά“c’J‹ζ –μ–Ρκ’–Ϊ,139.6429716,35.60305022
13112031700,13112,317,‚Μ‚°8‚²‚¤‚Σ‚ρ,–μ–Ρ8†•­,Ά“c’J‹ζ –μ–Ρκ’–Ϊ,139.6425424,35.60328401
13112031800,13112,318,‚Μ‚°9‚²‚¤‚Σ‚ρ,–μ–Ρ9†•­,Ά“c’J‹ζ –μ–Ρκ’–Ϊ –μ–Ρ“ρ’–Ϊ,139.6433149,35.60128461
13112032300,13112,323,‚µ‚ΰ‚β‚ά2‚²‚¤‚Σ‚ρ,‰ΊR2†•­,Ά“c’J‹ζ £“cά’–Ϊ,139.6245549,35.62306863
13112032400,13112,324,‚µ‚ΰ‚β‚ά3‚²‚¤‚Σ‚ρ,‰ΊR3†•­,Ά“c’J‹ζ £“cά’–Ϊ,139.6244004,35.62140811
13112032700,13112,327,‚Μ‚°10‚²‚¤‚Σ‚ρ,–μ–Ρ10†•­,Ά“c’J‹ζ –μ–Ρ“ρ’–Ϊ,139.6431099,35.60170693
13112033000,13112,330,‚Μ‚°11‚²‚¤‚Σ‚ρ,–μ–Ρ11†•­,Ά“c’J‹ζ –μ–Ρκ’–Ϊ,139.6438857,35.60151491
13112033100,13112,331,‚Μ‚°12‚²‚¤‚Σ‚ρ,–μ–Ρ12†•­,Ά“c’J‹ζ –μ–Ρκ’–Ϊ,139.6428858,35.6032526
13112033400,13112,334,‚Μ‚°13‚²‚¤‚Σ‚ρ,–μ–Ρ13†•­,Ά“c’J‹ζ –μ–Ρκ’–Ϊ,139.6429373,35.6041005
13112033500,13112,335,‚«‚Κ‚½‚Ώ‚γ‚¤‚‚Α‚±‚¤‚±‚Σ‚ρ‚®‚ρ‚¶‚γ‚¤‚²‚¤‚Σ‚ρ,‹m’†wZΓ•­Q10†•­,Ά“c’J‹ζ ¬ικ’–Ϊ,139.6008019,35.6341317
13113000400,13113,4,,a’J‹ζNo.4βΥ,a’J‹ζ ‘γX–Ψά’–Ϊ,139.6886199,35.67215383
13113000900,13113,9,‚©‚Λ‚Γ‚©‚±‚Σ‚ρ,ƒJƒl’ΛΓ•­,a’J‹ζ Ό΄O’–Ϊ,139.6788639,35.67022637
13113001400,13113,14,,a’J‹ζNo.14βΥ,a’J‹ζ •xƒP’J“ρ’–Ϊ,139.6867603,35.66612627
13113001700,13113,17,,a’J‹ζNo.17βΥ,a’J‹ζ ‘γX–Ψ_‰€’¬,139.6976093,35.68040597
13113002200,13113,22,,a’J‹ζNo.22βΥ,a’J‹ζ ‘γX–Ψ_‰€’¬,139.6996349,35.67401947
13113002300,13113,23,,a’J‹ζNo.23βΥ,a’J‹ζ ‘γX–Ψ_‰€’¬,139.6924252,35.67438203
13113002900,13113,29,‚Θ‚ά‚±‚β‚ά‚±‚Σ‚ρ,ƒiƒ}ƒRRΓ•­,a’J‹ζ _“μ“ρ’–Ϊ,139.6967854,35.66492689
13113005000,13113,50,‚³‚ι‚‚­‚Γ‚©i‚«‚½‚Γ‚©j,‰y’Λ(–k’Λ),a’J‹ζ ‰y’¬,139.7003643,35.64802429
13113005100,13113,51,‚³‚ι‚‚­‚Γ‚©i‚έ‚Θ‚έ‚Γ‚©j,‰y’Λ(“μ’Λ),a’J‹ζ ‰y’¬,139.700742,35.6476616
13113005500,13113,55,,a’J‹ζNo.55βΥ,a’J‹ζ b”δυ“μκ’–Ϊ,139.7101266,35.64570088
13113005600,13113,56,‚µ‚Τ‚β‚Γ‚©‚±‚Σ‚ρ,a’J’ΛΓ•­,a’J‹ζ b”δυ“μκ’–Ϊ,139.7095997,35.64448106
13113006200,13113,62,‚©‚―‚Γ‚©‚±‚Σ‚ρ,‰Αv’ΛΓ•­,a’J‹ζ b”δυl’–Ϊ,139.7143719,35.64462056
13113007800,13113,78,,a’J‹ζNo.78βΥ,a’J‹ζ L”φ“ρ’–Ϊ,139.7170498,35.65128839
13113008100,13113,81,,a’J‹ζNo.81βΥ,a’J‹ζ ‘γX–Ψl’–Ϊ,139.6897185,35.68206753
13113009500,13113,95,‚Ή‚Ά‚µ‚ρ‚¶‚ε‚µ‚Ύ‚Ά‚‚­‚±‚¤‚Θ‚Ά‚±‚Σ‚ρ,ΉS—q‘εw\“ΰΓ•­,a’J‹ζ L”φl’–Ϊ,139.720174,35.65193003
13114006600,13114,66,‚Ζ‚¤‚β‚ά‚±‚Σ‚ρ‚®‚ρ‚Ά‚Ή‚«,“ƒRΓ•­Q,’†–μ‹ζ ’†‰›κ’–Ϊ,139.6838773,35.6989713
13114010200,13114,102,‚Π‚©‚ν‚¶‚ρ‚¶‚α‚Σ‚«‚ρ‚±‚Σ‚ρ,•Xμ_Π•t‹ίΓ•­,’†–μ‹ζ ΐ‘άκ’–Ϊ,139.6676138,35.71890491
13116000900,13116,9,‚±‚ά‚²‚ί‚±‚Σ‚ρ,‹ξΓ•­,–L“‡‹ζ ‹ξκ’–Ϊ,139.7497842,35.73425248
13117000600,13117,6,‚ ‚©‚Ξ‚Λ‚Ύ‚Ά‚±‚Σ‚ρ‚®‚ρ,Τ‰H‘δΓ•­Q,–k‹ζ Τ‰H‘δl’–Ϊ,139.7160389,35.78396575
13117001000,13117,10,‚έ‚½‚ά‚±‚Σ‚ρ,ƒ~ƒ^ƒ}Γ•­,–k‹ζ Τ‰H‘δκ’–Ϊ,139.7149684,35.7790944
13117001100,13117,11,‚Δ‚ρ‚Μ‚¤‚Γ‚©‚±‚Σ‚ρ,“V‰¤’ΛΓ•­,–k‹ζ Τ‰H‘δκ’–Ϊ,139.7153461,35.77789671
13117001400,13117,14,‚¨‚¨‚Β‚©‚±‚Σ‚ρ,‘ε’ΛΓ•­,–k‹ζ Τ‰HΌά’–Ϊ,139.7085483,35.77483277
13117002000,13117,20,‚Σ‚¶‚Γ‚©‚±‚Σ‚ρ,•xm’ΛΓ•­,–k‹ζ ’†\π“ρ’–Ϊ,139.725307,35.76289895
13117002200,13117,22,‚¨‚¤‚¶‚Ά‚Θ‚θ‚¤‚η‚±‚Σ‚ρ,‰¤qξ‰Χ— Γ•­,–k‹ζ ‰¤q–{’¬“ρ’–Ϊ,139.7328975,35.75601366
13117002400,13117,24,‚ζ‚ΰ‚Ζ‚¬‚Ά‚Θ‚θ‚±‚Σ‚ρ,l–{–Ψξ‰ΧΓ•­,–k‹ζ ‘κ–μμO’–Ϊ,139.7291601,35.74960878
13117002600,13117,26,‚½‚«‚Μ‚‚ν‚±‚Σ‚ρ,‘κ–μμΓ•­,–k‹ζ ‘κ–μμO’–Ϊ,139.7302587,35.74782551
13117002800,13117,28,‚©‚Α‚Ώ‚γ‚¤‚Γ‚©‚±‚Σ‚ρ,bγς’ΛΓ•­,–k‹ζ γ’†—Άκ’–Ϊ,139.7459307,35.74667603
13117004102,13117,,‚½‚Ξ‚½‚Ι‚µ‚Ύ‚Ά‚Η‚¨‚θ1‚²‚¤‚±‚Σ‚ρ,“c’[Ό‘δ’Κ1†Γ•­,–k‹ζ “c’[O’–Ϊ,139.7558398,35.73777288
13117004103,13117,,‚½‚Ξ‚½‚Ι‚µ‚Ύ‚Ά‚Η‚¨‚θ2‚²‚¤‚±‚Σ‚ρ,“c’[Ό‘δ’Κ2†Γ•­,–k‹ζ “c’[O’–Ϊ,139.7557883,35.73759174
13117004104,13117,,‚½‚Ξ‚½‚Ι‚µ‚Ύ‚Ά‚Η‚¨‚θ3‚²‚¤‚±‚Σ‚ρ,“c’[Ό‘δ’Κ3†Γ•­,–k‹ζ “c’[O’–Ϊ,139.7559428,35.73742453
13117004105,13117,,‚½‚Ξ‚½‚Ι‚µ‚Ύ‚Ά‚Η‚¨‚θ4‚²‚¤‚±‚Σ‚ρ,“c’[Ό‘δ’Κ4†Γ•­,–k‹ζ “c’[O’–Ϊ,139.7560286,35.73722946
13117004500,13117,45,‚¶‚γ‚¤‚¶‚ε‚¤‚Ύ‚Ά‚±‚Σ‚ρ‚®‚ρ,\π‘δΓ•­Q,–k‹ζ ’†\π“ρ’–Ϊ@ ’†\πO’–Ϊ,139.725513,35.76342827
13117004600,13117,46,‚ ‚·‚©‚β‚ά‚±‚Σ‚ρ‚®‚ρ,”ς’ΉRΓ•­Q,–k‹ζ Όƒ–΄“ρ’–Ϊ@ ‰¤qκ’–Ϊ,139.7391672,35.75018686
13119014100,13119,141,,”Β‹΄‹ζNo.141βΥ,”Β‹΄‹ζ Τ’Λ”’–Ϊ,139.647578,35.78014711
13119015100,13119,151,,”Β‹΄‹ζNo.151βΥ,”Β‹΄‹ζ ’†‘δO’–Ϊ,139.6782541,35.77124659
13119015800,13119,158,‚¨‚Ά‚Ή‚Γ‚©‚±‚Σ‚ρ,‚¨Ι¨’ΛΓ•­,”Β‹΄‹ζ u‘Ί“ρ’–Ϊ,139.6855427,35.77603154
13121000400,13121,4,‚Ά‚θ‚β‚±‚Σ‚ρ,“ό’JΓ•­,‘«—§‹ζ “ό’J“ρ’–Ϊ@ ΙlZ’–Ϊ,139.7649973,35.81133801
13121000500,13121,5,‚Π‚¶‚θ‚Γ‚©‚±‚Σ‚ρ,Ή’ΛΓ•­,‘«—§‹ζ “Ι‹»κ’–Ϊ,139.7840174,35.80502144
13121001000,13121,10,‚µ‚η‚Ν‚½‚Γ‚©‚±‚Σ‚ρ‚®‚ρ,”’ψ’ΛΓ•­Q,‘«—§‹ζ “Ι‹»’¬ Ό•Ϋ–ΨΤl’–Ϊ ’|ƒm’Λµ’–Ϊ,139.7921198,35.80179149
13121001001,13121,,‚µ‚η‚Ν‚½‚Γ‚©‚±‚Σ‚ρ‚®‚ρ‚µ‚η‚Ν‚½‚Γ‚©‚±‚Σ‚ρ,”’ψ’ΛΓ•­QE”’ψ’ΛΓ•­,‘«—§‹ζ “Ι‹»O’–Ϊ,139.7927035,35.80117889
13121001002,13121,,‚µ‚η‚Ν‚½‚Γ‚©‚±‚Σ‚ρ‚®‚ρE‚©‚Τ‚Ζ‚Γ‚©‚±‚Σ‚ρ,”’ψ’ΛΓ•­QEb’ΛΓ•­,‘«—§‹ζ “Ι‹»O’–Ϊ,139.7918108,35.8014295
13121001003,13121,,‚µ‚η‚Ν‚½‚Γ‚©‚±‚Σ‚ρ‚®‚ρE‚·‚θ‚Ξ‚Ώ‚Γ‚©‚±‚Σ‚ρ,”’ψ’ΛΓ•­QE ”«’ΛΓ•­,‘«—§‹ζ “Ι‹»O’–Ϊ,139.7927035,35.8017358
13121001100,13121,11,‚©‚Λ‚Γ‚©‚±‚Σ‚ρ,‹ΰ’ΛΓ•­,‘«—§‹ζ “Ι‹»“ρ’–Ϊ,139.7884806,35.80524419
13121001200,13121,12,‚Σ‚Θ‚β‚ά‚Γ‚©‚±‚Σ‚ρ,‘DR’ΛΓ•­,‘«—§‹ζ “Ι‹»“ρ’–Ϊ,139.785219,35.80571754
13121002100,13121,21,‚Ν‚­‚³‚ρ‚Γ‚©‚±‚Σ‚ρ,”’R’ΛΓ•­,‘«—§‹ζ ‰Τ”¨ά’–Ϊ,139.8114489,35.80761089
13121002200,13121,22,‚Ά‚Α‚Ϋ‚ρ‚ά‚Β‚±‚Σ‚ρ,κ–{ΌΓ•­,‘«—§‹ζ ‰Τ”¨ά’–Ϊ,139.8127535,35.80788932
13121002400,13121,24,‚¨‚¨‚β‚½‚±‚Σ‚ρ,‘ε’J“cΓ•­,‘«—§‹ζ ‘ε’J“cκ’–Ϊ,139.848298,35.77906669
13122000600,13122,6,‚µ‚Ξ‚ά‚½‚Ν‚Ώ‚ά‚ρ‚¶‚ρ‚¶‚α‚±‚Σ‚ρ,Δ–”””¦_ΠΓ•­,‹ό‹ζ Δ–”O’–Ϊ,139.8751712,35.75831794
13122001100,13122,11,‚½‚Δ‚Ά‚µ‚³‚ά‚Ά‚Ή‚«,—§Ξ—lβΥ,‹ό‹ζ —§Ξ”’–Ϊ,139.8567598,35.73976267
13122001200,13122,12,‚Θ‚ρ‚Ό‚¤‚Ά‚ρ‚¤‚η‚±‚Σ‚ρ,“μ‘ ‰@— Γ•­,‹ό‹ζ —§Ξ”’–Ϊ,139.8573262,35.7394004
13122001300,13122,13,‚­‚ά‚Μ‚¶‚ρ‚¶‚α‚±‚Σ‚ρ,F–μ_ΠΓ•­,‹ό‹ζ —§Ξ”’–Ϊ,139.8576352,35.73979054
13201002900,13201,29,‚Ζ‚Ζ‚Μ‚Ά‚±‚Σ‚ρ,’²δΓ•­,”‰¤qs μϋ’¬,139.2883443,35.68761891
13201008900,13201,89,‚Π‚ζ‚Η‚θ‚β‚ά‚±‚Σ‚ρ,κJRΓ•­,”‰¤qs ‹Ε’¬“ρ’–Ϊ,139.3371218,35.67205704
13201010400,13201,104,‚«‚½‚¨‚¨‚β‚±‚Σ‚ρ,–k‘ε’JΓ•­,”‰¤qs ‘ε’J’¬,139.3486231,35.67272641
13201102500,13201,1025,‚Ά‚Α‚Ϋ‚ρ‚ά‚Β‚±‚Σ‚ρ,κ–{ΌΓ•­,”‰¤qs “θ΄’¬,139.3073147,35.67917264
13201102600,13201,1026,‚©‚µ‚ά‚«‚½‚±‚Σ‚ρ,­“‡–kΓ•­,”‰¤qs “θ΄’¬,139.3088542,35.6757689
13202001200,13202,12,,—§μsNo.12βΥ,—§μs Δθ’¬“ρ’–Ϊ,139.4078046,35.69540865
13202001300,13202,13,,—§μsNo.13βΥ,—§μs Δθ’¬l’–Ϊ,139.4054696,35.68993898
13202001600,13202,16,,—§μsNo.16βΥ,—§μs Δθ’¬l’–Ϊ,139.404577,35.68968802
13204001300,13204,13,‚Δ‚ρ‚ΰ‚ρ‚Ύ‚Ά‚±‚¤‚Θ‚Ά‚±‚Σ‚ρ,“V•¶‘δ\“ΰΓ•­,O‘ιs ‘ε‘ς“ρ’–Ϊ,139.5389942,35.67418323
13206000401,13206,,‚½‚©‚­‚η‚±‚Σ‚ρ‚®‚ρ1‚²‚¤‚Σ‚ρ,‚‘qΓ•­Q1†•­,•{’†s •”~’¬κ’–Ϊ,139.4664047,35.66767101
13206000402,13206,,‚½‚©‚­‚η‚±‚Σ‚ρ‚®‚ρ2‚²‚¤‚Σ‚ρ,‚‘qΓ•­Q2†•­,•{’†s ”όD’¬O’–Ϊ,139.4674728,35.66994331
13206000403,13206,,‚½‚©‚­‚η‚±‚Σ‚ρ‚®‚ρ3‚²‚¤‚Σ‚ρ,‚‘qΓ•­Q3†•­,•{’†s ”όD’¬O’–Ϊ,139.4654823,35.66918099
13206000404,13206,,‚½‚©‚­‚η‚±‚Σ‚ρ‚®‚ρ4‚²‚¤‚Σ‚ρ,‚‘qΓ•­Q4†•­,•{’†s ”όD’¬O’–Ϊ,139.4670391,35.66970076
13206000405,13206,,‚½‚©‚­‚η‚±‚Σ‚ρ‚®‚ρ5‚²‚¤‚Σ‚ρ,‚‘qΓ•­Q5†•­,•{’†s •Π’¬“ρ’–Ϊ,139.4689057,35.67005159
13206000406,13206,,‚½‚©‚­‚η‚±‚Σ‚ρ‚®‚ρ6‚²‚¤‚Σ‚ρ,‚‘qΓ•­Q6†•­,•{’†s •”~’¬κ’–Ϊ,139.4669734,35.66843915
13206000407,13206,,‚½‚©‚­‚η‚±‚Σ‚ρ‚®‚ρ7‚²‚¤‚Σ‚ρ,‚‘qΓ•­Q7†•­,•{’†s •”~’¬κ’–Ϊ,139.4671582,35.66868743
13206000408,13206,,‚½‚©‚­‚η‚±‚Σ‚ρ‚®‚ρ8‚²‚¤‚Σ‚ρ,‚‘qΓ•­Q8†•­,•{’†s •”~’¬κ’–Ϊ,139.4667246,35.6685431
13206000409,13206,,‚½‚©‚­‚η‚±‚Σ‚ρ‚®‚ρ9‚²‚¤‚Σ‚ρ,‚‘qΓ•­Q9†•­,•{’†s •”~’¬κ’–Ϊ,139.4667531,35.66836457
13206000410,13206,,‚½‚©‚­‚η‚±‚Σ‚ρ‚®‚ρ10‚²‚¤‚Σ‚ρ,‚‘qΓ•­Q10†•­,•{’†s •”~’¬κ’–Ϊ,139.4664688,35.66853202
13206000411,13206,,‚½‚©‚­‚η‚±‚Σ‚ρ‚®‚ρ11‚²‚¤‚Σ‚ρ,‚‘qΓ•­Q11†•­,•{’†s •”~’¬κ’–Ϊ,139.4665398,35.66836457
13206000412,13206,,‚½‚©‚­‚η‚±‚Σ‚ρ‚®‚ρ12‚²‚¤‚Σ‚ρ,‚‘qΓ•­Q12†•­,•{’†s •”~’¬κ’–Ϊ,139.4663764,35.66870528
13206000413,13206,,‚½‚©‚­‚η‚±‚Σ‚ρ‚®‚ρ13‚²‚¤‚Σ‚ρ,‚‘qΓ•­Q13†•­,•{’†s •”~’¬κ’–Ϊ,139.4663479,35.66828946
13206000414,13206,,‚½‚©‚­‚η‚±‚Σ‚ρ‚®‚ρ14‚²‚¤‚Σ‚ρ,‚‘qΓ•­Q14†•­,•{’†s •”~’¬κ’–Ϊ,139.4661489,35.66828374
13206000415,13206,,‚½‚©‚­‚η‚±‚Σ‚ρ‚®‚ρ15‚²‚¤‚Σ‚ρ,‚‘qΓ•­Q15†•­,•{’†s •”~’¬κ’–Ϊ,139.4667744,35.66785631
13206000416,13206,,‚½‚©‚­‚η‚±‚Σ‚ρ‚®‚ρ16‚²‚¤‚Σ‚ρ,‚‘qΓ•­Q16†•­,•{’†s •”~’¬κ’–Ϊ,139.4668029,35.66801805
13206000417,13206,,‚½‚©‚­‚η‚±‚Σ‚ρ‚®‚ρ17‚²‚¤‚Σ‚ρ,‚‘qΓ•­Q17†•­,•{’†s •”~’¬κ’–Ϊ,139.4664545,35.66794294
13206000419,13206,,‚½‚©‚­‚η‚±‚Σ‚ρ‚®‚ρ19‚²‚¤‚Σ‚ρ,‚‘qΓ•­Q19†•­,•{’†s ”όD’¬O’–Ϊ,139.4655321,35.66955635
13206000420,13206,,‚½‚©‚­‚η‚±‚Σ‚ρ‚®‚ρ20‚²‚¤‚Σ‚ρ,‚‘qΓ•­Q20†•­,•{’†s ”όD’¬O’–Ϊ,139.4636625,35.67035912
13206000422,13206,,‚½‚©‚­‚η‚±‚Σ‚ρ‚®‚ρ22‚²‚¤‚Σ‚ρ,‚‘qΓ•­Q22†•­,•{’†s•Π’¬“ρ’–Ϊ,139.4695013,35.669296
13206000423,13206,,‚½‚©‚­‚η‚±‚Σ‚ρ‚®‚ρ23‚²‚¤‚Σ‚ρ,‚‘qΓ•­Q23†•­,•{’†s•Π’¬“ρ’–Ϊ,139.4695854,35.66959118
13206000424,13206,,‚½‚©‚­‚η‚±‚Σ‚ρ‚®‚ρ24‚²‚¤‚Σ‚ρ,‚‘qΓ•­Q24†•­,•{’†s•”~’¬κ’–Ϊ,139.4652734,35.66843735
13206000425,13206,,‚½‚©‚­‚η‚±‚Σ‚ρ‚®‚ρ25‚²‚¤‚Σ‚ρ,‚‘qΓ•­Q25†•­,•{’†s ”όD’¬O’–Ϊ,139.4681483,35.66905561
13206000426,13206,,‚½‚©‚­‚η‚±‚Σ‚ρ‚®‚ρ26‚²‚¤‚Σ‚ρ,‚‘qΓ•­Q26†•­,•{’†s•”~’¬κ’–Ϊ,139.4658296,35.66739574
13206000427,13206,,‚½‚©‚­‚η‚±‚Σ‚ρ‚®‚ρ27‚²‚¤‚Σ‚ρ,‚‘qΓ•­Q27†•­,•{’†s ”όD’¬O’–Ϊ,139.4663231,35.66988855
13206000428,13206,,‚½‚©‚­‚η‚±‚Σ‚ρ‚®‚ρ28‚²‚¤‚Σ‚ρ,‚‘qΓ•­Q28†•­,•{’†s ”όD’¬O’–Ϊ,139.4629757,35.66750033
13206000429,13206,,‚½‚©‚­‚η‚±‚Σ‚ρ‚®‚ρ29‚²‚¤‚Σ‚ρ,‚‘qΓ•­Q29†•­,•{’†s•”~’¬κ’–Ϊ,139.4643704,35.66831965
13206000461,13206,,,•{’†sNo.4-AβΥ,•{’†s•”~’¬κ’–Ϊ,139.4673745,35.66831965
13206000462,13206,,,•{’†sNo.4-GβΥ,•{’†s ”όD’¬O’–Ϊ,139.4680397,35.66901695
13206000463,13206,,,•{’†sNo.4-HβΥ,•{’†s ”όD’¬O’–Ϊ,139.4648211,35.66950505
13206000464,13206,,‚έ‚έ‚Γ‚©,¨’Λ,•{’†s ”όD’¬O’–Ϊ,139.4636783,35.66985156
13206000465,13206,,‚¨‚¨‚Β‚©,‘ε’Λ,•{’†s ”όD’¬O’–Ϊ,139.4633501,35.66907244
13206000421,13206,,‚½‚©‚­‚η‚±‚Σ‚ρ‚®‚ρ21‚²‚¤‚Σ‚ρ,‚‘qΓ•­Q21†•­,•{’†s ”όD’¬O’–Ϊ,139.4634424,35.66980022
13206002300,13206,23,‚µ‚η‚Ά‚Ζ‚Ύ‚Ά‚±‚Σ‚ρ‚®‚ρ,”’…‘δΓ•­Q,•{’†s ”’…‘δl’–Ϊ ”’…‘δά’–Ϊ,139.5124749,35.66363144
13206002400,13206,24,,•{’†sNo.24Γ•­,•{’†s,139.5045166,35.66421917
13206003600,13206,-36,‚ή‚³‚µ‚Σ‚Ώ‚γ‚¤‚­‚ά‚Μ‚¶‚ρ‚¶‚α‚±‚Σ‚ρ,•‘ •{’†F–μ_ΠΓ•­,•{’†s Ό•{’¬“ρ’–Ϊ,139.4569602,35.67534549
13206003701,13206,,‚έ‚½‚―‚Γ‚©‚±‚®‚Σ‚ρ‚®‚ρ‚P‚²‚¤‚Σ‚ρ,δ›Τ’ΛΓ•­Q‚P†•­,•{’†s –{h’¬κ’–Ϊ,139.4590545,35.66870756
13207002100,13207,21,,Ί“‡sNo.21βΥ,Ί“‡s •“‡’¬“ρ’–Ϊ,139.3789227,35.6988614
13207004300,13207,43,‚¶‚ε‚¤‚Η‚±‚Σ‚ρ‚®‚ρ‚Ά‚Ή‚«,ς“yΓ•­Q,Ί“‡s “c’†’¬“ρ’–Ϊ,139.3558592,35.69961695
13207004400,13207,44,,Ί“‡sNo.44βΥ,Ί“‡s ‘ε_’¬O’–Ϊ,139.3627552,35.69930957
13207004600,13207,46,‚«‚ε‚¤‚Γ‚©‚µ‚½‚±‚Σ‚ρ,o’Λ‰ΊΓ•­,Ί“‡s ‹{‘ς’¬,139.3650898,35.70053632
13208005101,13208,,‚Ζ‚Ρ‚½‚«‚γ‚¤1‚²‚¤‚Σ‚ρ,”ς“c‹‹1†•­,’²•zs ”ς“c‹‹“ρ’–Ϊ,139.5199084,35.65960051
13208005102,13208,,‚Ζ‚Ρ‚½‚«‚γ‚¤2‚²‚¤‚Σ‚ρ,”ς“c‹‹2†•­,’²•zs ”ς“c‹‹“ρ’–Ϊ,139.5197901,35.65949224
13208005103,13208,,‚Ζ‚Ρ‚½‚«‚γ‚¤3‚²‚¤‚Σ‚ρ,”ς“c‹‹3†•­,’²•zs ”ς“c‹‹“ρ’–Ϊ,139.5193283,35.65962784
13208005104,13208,,‚Ζ‚Ρ‚½‚«‚γ‚¤4‚²‚¤‚Σ‚ρ,”ς“c‹‹4†•­,’²•zs ”ς“c‹‹“ρ’–Ϊ,139.5191167,35.65957043
13208005105,13208,,‚Ζ‚Ρ‚½‚«‚γ‚¤5‚²‚¤‚Σ‚ρ,”ς“c‹‹5†•­,’²•zs ”ς“c‹‹“ρ’–Ϊ,139.5202279,35.65927492
13208005106,13208,,‚³‚­‚η‚Γ‚©1‚²‚¤‚±‚Σ‚ρ,χ’Λ1†Γ•­,’²•zs ”ς“c‹‹“ρ’–Ϊ,139.5199443,35.65879903
13208005107,13208,,‚³‚­‚η‚Γ‚©2‚²‚¤‚±‚Σ‚ρ,χ’Λ2†Γ•­,’²•zs ”ς“c‹‹“ρ’–Ϊ,139.5219643,35.65781005
13208005108,13208,,‚³‚­‚η‚Γ‚©3‚²‚¤‚±‚Σ‚ρ,χ’Λ3†Γ•­,’²•zs ”ς“c‹‹“ρ’–Ϊ,139.5224726,35.65715878
13208005109,13208,,‚³‚­‚η‚Γ‚©4‚²‚¤‚±‚Σ‚ρ,χ’Λ4†Γ•­,’²•zs ”ς“c‹‹“ρ’–Ϊ,139.520949,35.65888988
13208005100,13208,,‚³‚­‚η‚Γ‚©5‚²‚¤‚±‚Σ‚ρ,χ’Λ5†Γ•­,’²•zs ”ς“c‹‹“ρ’–Ϊ,139.5223719,35.65734574
13208005111,13208,,‚³‚­‚η‚Γ‚©6‚²‚¤‚±‚Σ‚ρ,χ’Λ6†Γ•­,’²•zs ”ς“c‹‹“ρ’–Ϊ,139.52045,35.65863669
13208005112,13208,,‚³‚­‚η‚Γ‚©7‚²‚¤‚±‚Σ‚ρ,χ’Λ7†Γ•­,’²•zs ”ς“c‹‹“ρ’–Ϊ,139.5213167,35.65864062
13208005113,13208,,‚³‚­‚η‚Γ‚©8‚²‚¤‚±‚Σ‚ρ,χ’Λ8†Γ•­,’²•zs ”ς“c‹‹“ρ’–Ϊ,139.5228838,35.65724595
13208005114,13208,,‚³‚­‚η‚Γ‚©9‚²‚¤‚±‚Σ‚ρ,χ’Λ9†Γ•­,’²•zs ”ς“c‹‹“ρ’–Ϊ,139.5234387,35.65688523
13208005201,13208,,‚µ‚ΰ‚Ά‚µ‚Ν‚η1‚²‚¤‚±‚Σ‚ρ,‰ΊΞ΄1†Γ•­,’²•zs ‰ΊΞ΄O’–Ϊ,139.5346863,35.64775163
13208005202,13208,,‚µ‚ΰ‚Ά‚µ‚Ν‚η2‚²‚¤‚±‚Σ‚ρ,‰ΊΞ΄2†Γ•­,’²•zs ‰ΊΞ΄O’–Ϊ,139.5345456,35.64756532
13208005301,13208,,‚©‚έ‚Σ‚Ύ1‚²‚¤‚Σ‚ρ,γ•z“cΓ•­1†•­,’²•zs •z“cZ’–Ϊ,139.546303,35.64532781
13208005302,13208,,‚©‚έ‚Σ‚Ύ2‚²‚¤‚Σ‚ρ,γ•z“cΓ•­2†•­,’²•zs •z“cZ’–Ϊ,139.5459479,35.64522562
13208005303,13208,,‚Σ‚ι‚Δ‚ρ‚¶‚ρ1‚²‚¤‚Σ‚ρ,Γ“V_1†•­,’²•zs •z“cά’–Ϊ,139.543817,35.64474461
13208005304,13208,,‚Σ‚ι‚Δ‚ρ‚¶‚ρ2‚²‚¤‚Σ‚ρ,Γ“V_2†•­,’²•zs •z“cά’–Ϊ,139.5435215,35.64480752
13208005305,13208,,‚©‚έ‚Σ‚Ύ‚±‚Σ‚ρ3‚²‚¤‚Σ‚ρi‚Ά‚Ά‚ΰ‚θ‚Γ‚©j,γ•z“cΓ•­3†•­i”Ρ·’Λj,’²•zs •z“cά’–Ϊ,139.5427661,35.64565846
13208005306,13208,,‚©‚έ‚Σ‚Ύ‚±‚Σ‚ρ4‚²‚¤‚Σ‚ρi‚±‚¤‚Γ‚©j,γ•z“cΓ•­4†•­(M’Λ),’²•zs •z“cά’–Ϊ,139.5437789,35.64775091
13208005401,13208,,‚µ‚ΰ‚Σ‚Ύ1‚²‚¤‚±‚Σ‚ρ,‰Ί•z“c1†Γ•­,’²•zs •z“cZ’–Ϊ,139.5498043,35.64398446
13208005402,13208,,‚µ‚ΰ‚Σ‚Ύ2‚²‚¤‚Σ‚ρ,‰Ί•z“c2†•­,’²•zs •z“cZ’–Ϊ,139.5493579,35.64392866
13208005403,13208,,‚µ‚ΰ‚Σ‚Ύ3‚²‚¤‚Σ‚ρ,‰Ί•z“c3†Γ•­,’²•zs •z“cZ’–Ϊ,139.5495639,35.64447272
13208005404,13208,,‚µ‚ΰ‚Σ‚Ύ4‚²‚¤‚±‚Σ‚ρ,‰Ί•z“c4†Γ•­,’²•zs •z“cZ’–Ϊ,139.5494438,35.64482147
13208005405,13208,,‚µ‚ΰ‚Σ‚Ύ5‚²‚¤‚±‚Σ‚ρ,‰Ί•z“c5†Γ•­,’²•zs •z“cZ’–Ϊ,139.5484825,35.64583981
13208005406,13208,,‚µ‚ΰ‚Σ‚Ύ6‚²‚¤‚Σ‚ρ‚«‚Β‚Λ‚Γ‚©‚±‚Σ‚ρ,‰Ί•z“c6†•­Ο’ΛΓ•­,’²•zs •z“cZ’–Ϊ,139.548019,35.64543526
13208005407,13208,,‚µ‚ΰ‚Σ‚Ύ7‚²‚¤‚Σ‚ρ,‰Ί•z“c7†•­,’²•zs •z“cZ’–Ϊ,139.5487915,35.64498887
13208005408,13208,,‚µ‚ΰ‚Σ‚Ύ8‚²‚¤‚Σ‚ρ,‰Ί•z“c8†•­,’²•zs •z“cZ’–Ϊ,139.548946,35.64459827
13208005409,13208,,‚µ‚ΰ‚Σ‚Ύ9‚²‚¤‚Σ‚ρ,‰Ί•z“c9†•­,’²•zs •z“cZ’–Ϊ,139.5491005,35.64515627
13208005500,13208,55,‚±‚­‚θ‚ε‚¤‚έ‚Θ‚έ1‚²‚¤‚Σ‚ρ,‘—Μ“μ1†•­,’²•zs ‘—Μ’¬Z’–Ϊ,139.5554693,35.64436755
13208005600,13208,56,‚©‚·‚έ‚Λ‚¶‚ρ‚¶‚α‚±‚Σ‚ρ,‘—δ_ΠΓ•­,’²•zs “όΤ’¬“ρ’–Ϊ,139.5828963,35.64979448
13209021400,13209,214,‚ά‚‚―‚±‚Σ‚ρ,”n‹νΓ•­,’¬“cs }t’¬,139.4148229,35.58110064
13209044700,13209,447,,’¬“csNo.447βΥ,’¬“cs O—Φ—ΞRO’–Ϊ,139.4847515,35.57454159
13209069000,13209,690,,’¬“csNo.690βΥ,’¬“cs ‚Β‚­‚µ–μl’–Ϊ,139.4862015,35.52618565
13209069100,13209,691,,’¬“csNo.691βΥ,’¬“cs ‚Β‚­‚µ–μl’–Ϊ,139.4869224,35.52509593
13209092900,13209,929,‚Μ‚¤‚‚β‚©‚²‚β‚ά‚±‚Σ‚ρ‚®‚ρ,”\ƒ–’JRΓ•­Q,’¬“cs ”\ƒ–’J“ρ’–Ϊ,139.4825824,35.58564458
13212000200,13212,2,‚Θ‚Θ‚Β‚Γ‚©‚±‚Σ‚ρ‚®‚ρ,µƒc’ΛΓ•­Q,“ϊ–μs V’¬ά’–Ϊ,139.3779072,35.68152369
13212000900,13212,9,,“ϊ–μsNo.9βΥ,“ϊ–μs _–Ύκ’–Ϊ,139.3981051,35.66889005
13212001900,13212,19,,“ϊ–μsNo.19βΥ,“ϊ–μs “–L“c“ρ’–Ϊ,139.38618,35.66165521
13212002300,13212,23,‚Π‚η‚β‚ά‚±‚Σ‚ρ‚®‚ρ,•½RΓ•­Q,“ϊ–μs “•½Rκ’–Ϊ,139.3800383,35.65091527
13212004300,13212,43,‚ά‚ρ‚Ό‚¤‚Ά‚ρ‚Ύ‚Ά‚±‚Σ‚ρ‚®‚ρ,–‘ ‰@‘δΓ•­Q,“ϊ–μs •S‘,139.4295171,35.64607333
13212004500,13212,45,,“ϊ–μsNo.45βΥ,“ϊ–μs “•½Rκ’–Ϊ,139.377944,35.65060839
13212004800,13212,48,‚Ι‚µ‚Π‚η‚β‚ά‚±‚Σ‚ρ‚®‚ρ,Ό•½RΓ•­Q,“ϊ–μs Ό•½RO’–Ϊ,139.368125,35.64826493
13215001000,13215,10,‚ ‚¨‚β‚¬‚±‚Σ‚ρ‚®‚ρ,Β–φΓ•­Q,‘—§s ’J•Ϋ Β–φ,139.4237767,35.68191135
13215001001,13215,,‚ ‚¨‚β‚¬‚±‚Σ‚ρ‚®‚ρ,Β–φΓ•­,‘—§s Β–φ,139.4238271,35.68127692
13215001002,13215,,‚ ‚¨‚β‚¬2‚²‚¤‚Σ‚ρ,Β–φ2†•­,‘—§s Β–φ,139.4249376,35.68107473
13215001003,13215,,‚µ‚―‚ρ‚΄‚―1‚²‚¤‚Σ‚ρ,l¬έ‰Ζ1†•­,‘—§s –ξμO’–Ϊ,139.4261274,35.68151396
13215001004,13215,,‚µ‚―‚ρ‚΄‚―2‚²‚¤‚Σ‚ρ,l¬έ‰Ζ2†•­,‘—§s –ξμO’–Ϊ,139.4264654,35.68153487
13215001005,13215,,‚µ‚―‚ρ‚΄‚―3‚²‚¤‚Σ‚ρ,l¬έ‰Ζ3†•­,‘—§s –ξμO’–Ϊ,139.4262733,35.68127692
13215001006,13215,,‚µ‚―‚ρ‚΄‚―4‚²‚¤‚Σ‚ρ,l¬έ‰Ζ4†•­,‘—§s –ξμO’–Ϊ,139.4259332,35.68114445
13215001007,13215,,‚µ‚―‚ρ‚΄‚―5‚²‚¤‚Σ‚ρ,l¬έ‰Ζ5†•­,‘—§s –ξμO’–Ϊ,139.4263592,35.68101199
13215001008,13215,,‚µ‚―‚ρ‚΄‚―6‚²‚¤‚Σ‚ρ,l¬έ‰Ζ6†•­,‘—§s –ξμO’–Ϊ,139.4266027,35.68106079
13215001009,13215,,‚µ‚―‚ρ‚΄‚―7‚²‚¤‚Σ‚ρ,l¬έ‰Ζ7†•­,‘—§s –ξμO’–Ϊ,139.4268055,35.68131875
13215001010,13215,,‚µ‚―‚ρ‚΄‚―8‚²‚¤‚Σ‚ρ,l¬έ‰Ζ8†•­,‘—§s –ξμO’–Ϊ,139.4268055,35.68090741
13215001011,13215,,‚µ‚―‚ρ‚΄‚―9‚²‚¤‚Σ‚ρ,l¬έ‰Ζ9†•­,‘—§s –ξμO’–Ϊ,139.4260759,35.68096318
13215001012,13215,,‚µ‚―‚ρ‚΄‚―10‚²‚¤‚Σ‚ρ,l¬έ‰Ζ10†•­,‘—§s –ξμO’–Ϊ,139.4260502,35.68075403
13215001013,13215,,‚µ‚―‚ρ‚΄‚―11‚²‚¤‚Σ‚ρ,l¬έ‰Ζ11†•­,‘—§s Β–φ,139.4258356,35.68146516
13215001100,13215,11,‚ ‚¨‚β‚¬‚ή‚ί‚Ά‚Σ‚ρ,Β–φ–³–Ό•­,‘—§s Β–φ,139.424929,35.68186255
13215001400,13215,14,‚Θ‚ρ‚ζ‚¤‚¶‚±‚Σ‚ρ,“μ—{›Γ•­,‘—§s ’J•Ϋ,139.4323515,35.67950363
13215001600,13215,16,‚µ‚ρ‚ί‚Ά‚Γ‚©‚±‚Σ‚ρ,_–Ύ’ΛΓ•­,‘—§s ’J•Ϋ,139.4372953,35.67972673
13215002300,13215,23,‚µ‚ΰ‚β‚Ϊ‚±‚Σ‚ρ‚®‚ρ,‰Ί’J•ΫΓ•­Q,‘—§s ’J•Ϋ,139.4470905,35.67877051
13215002301,13215,,‚µ‚ΰ‚β‚Ϊ1‚²‚¤‚Σ‚ρ,‰Ί’J•Ϋ1†•­,‘—§s ’J•Ϋ,139.4483093,35.6775016
13215002302,13215,,‚µ‚ΰ‚β‚Ϊ2‚²‚¤‚Σ‚ρ,‰Ί’J•Ϋ2†•­,‘—§s ’J•Ϋ,139.4487728,35.67706932
13215002303,13215,,‚µ‚ΰ‚β‚Ϊ3‚²‚¤‚Σ‚ρ,‰Ί’J•Ϋ3†•­,‘—§s ’J•Ϋ,139.4492191,35.67669283
13215002304,13215,,‚µ‚ΰ‚β‚Ϊ4‚²‚¤‚Σ‚ρ,‰Ί’J•Ϋ4†•­,‘—§s ’J•Ϋ,139.4483779,35.67831036
13215002305,13215,,‚β‚Ϊ‚±‚Σ‚ρ,’J•ΫΓ•­,‘—§s ’J•Ϋ,139.4453395,35.680639
13215002306,13215,,‚µ‚ΰ‚β‚Ϊ5‚²‚¤‚Σ‚ρ,‰Ί’J•Ϋ5†•­,‘—§s ’J•Ϋ,139.4487041,35.67764104
13215002307,13215,,,‘—§sNo.23-7βΥ,‘—§s ’J•Ϋ,139.4457172,35.67959321
13215002308,13215,,‚µ‚ΰ‚β‚Ϊ6‚²‚¤‚Σ‚ρ,‰Ί’J•Ϋ6†•­,‘—§s ’J•Ϋ,139.4498199,35.6766231
13215002309,13215,,‚µ‚ΰ‚β‚Ϊ7‚²‚¤‚Σ‚ρ,‰Ί’J•Ϋ7†•­,‘—§s ’J•Ϋ,139.4492362,35.67634421
13215002310,13215,,‚µ‚ΰ‚β‚Ϊ8‚²‚¤‚Σ‚ρ,‰Ί’J•Ϋ8†•­,‘—§s ’J•Ϋ,139.4480003,35.67758526
13215002311,13215,,‚µ‚ΰ‚β‚Ϊ9‚²‚¤‚Σ‚ρ,‰Ί’J•Ϋ9†•­,‘—§s ’J•Ϋ,139.4477771,35.67779443
13215002312,13215,,‚µ‚ΰ‚β‚Ϊ10‚²‚¤‚Σ‚ρ,‰Ί’J•Ϋ10†•­,‘—§s ’J•Ϋ,139.4449447,35.67952349
13215002800,13215,28,‚Ά‚µ‚Γ‚©‚±‚Σ‚ρ,Ξ’ΛΓ•­,‘—§s ’J•Ϋ,139.4420115,35.68231222
13219002400,13219,24,‚Σ‚ι‚β‚µ‚«‚Γ‚©‚±‚Σ‚ρ,Γ‰®•~’ΛΓ•­,]s βΛ–kO’–Ϊ,139.5814931,35.63456801
13219002500,13219,25,‚Ν‚µ‚«‚½‚Γ‚©‚±‚Σ‚ρ,‹΄–k’ΛΓ•­,]s βΛ–kO’–Ϊ,139.5825241,35.63423357
13219003000,13219,30,‚Β‚Ώ‚β‚Γ‚©‚±‚Σ‚ρ,“y‰®’ΛΓ•­,]s βΛ“μκ’–Ϊ,139.5852881,35.63224173
13219003300,13219,33,‚µ‚έ‚Έ‚Γ‚©1‚²‚¤‚±‚Σ‚ρ,΄…’Λ1†Γ•­,]s ’–•ϋκ’–Ϊ,139.5814416,35.62960103
13219003400,13219,34,‚µ‚έ‚Έ‚Γ‚©2‚²‚¤‚±‚Σ‚ρ,΄…’Λ2†Γ•­,]s ’–•ϋκ’–Ϊ,139.5818536,35.62937779
13219003500,13219,35,‚µ‚έ‚Έ‚Γ‚©3‚²‚¤‚±‚Σ‚ρ,΄…’Λ3†Γ•­,]s ’–•ϋκ’–Ϊ,139.5823343,35.62939174
13219003702,13219,,‚­‚ΪE‚ά‚¦‚Ν‚η‚±‚Σ‚ρ,‹v•ΫE‘O΄Γ•­,]s ’–•ϋO’–Ϊ,139.5791941,35.62670252
13219003800,13219,38,‚ά‚¦‚Ν‚η‚Γ‚©‚±‚Σ‚ρ,‘O΄’ΛΓ•­,]s ’–•ϋO’–Ϊ,139.5777007,35.62728855
13219003900,13219,39,‚Ά‚Μ‚‚½‚¨‚‚ν‚Γ‚©‚±‚Σ‚ρ,’–•ϋ¬μ’ΛΓ•­,]s ’–•ϋO’–Ϊ,139.5769282,35.62564207
13219004100,13219,41,‚©‚ί‚Γ‚©‚±‚Σ‚ρ,‹T’ΛΓ•­,]s ³aςκ’–Ϊ,139.5732061,35.63068772
13219004202,13219,,‚Χ‚ρ‚Δ‚ρ‚Ά‚―‚±‚Σ‚ρ1‚²‚¤‚Σ‚ρ,•Ωΰ“V’rΓ•­1†•­,]s,139.576929,35.63293921
13219004203,13219,,‚Χ‚ρ‚Δ‚ρ‚Ά‚―‚±‚Σ‚ρ2‚²‚¤‚Σ‚ρ,•Ωΰ“V’rΓ•­2†•­,]s,139.5772551,35.63313454
13219004204,13219,,‚Χ‚ρ‚Δ‚ρ‚Ά‚―‚±‚Σ‚ρ3‚²‚¤‚Σ‚ρ,•Ωΰ“V’rΓ•­3†•­,]s,139.5774268,35.63281364
13219004600,13219,46,‚Π‚‚µ‚Γ‚©‚±‚Σ‚ρ,“’ΛΓ•­,]s ’†aςκ’–Ϊ,139.5767058,35.63531102
13219004800,13219,48,‚ά‚Β‚Ξ‚η‚Π‚‚µ‚Ά‚Θ‚θ‚Γ‚©‚±‚Σ‚ρ,Ό΄“ξ‰Χ’ΛΓ•­,]s ’†aςκ’–Ϊ,139.5751597,35.63545389
13219005100,13219,51,‚«‚ε‚¤‚Γ‚©‚±‚Σ‚ρ,o’ΛΓ•­,]s ’†aςκ’–Ϊ,139.5748851,35.63350064
13219005200,13219,52,‚ά‚Ζ‚¶‚ί1‚²‚¤‚Σ‚ρ,^“©_1†•­,]s ’†aςκ’–Ϊ,139.5738047,35.63351124
13219005300,13219,53,‚ά‚Ζ‚¶‚ί2‚²‚¤‚Σ‚ρ,^“©_2†•­,]s ’†aςκ’–Ϊ,139.5737532,35.63319034
13219005500,13219,55,‚©‚Τ‚Ζ‚Γ‚©‚±‚Σ‚ρ,•’ΛΓ•­,]s ’†aςO’–Ϊ,139.5699584,35.63414243
13219005700,13219,57,‚Ά‚Ά‚Ύ‚Γ‚©‚±‚Σ‚ρ,”Ρ“c’ΛΓ•­,]s ’†aςO’–Ϊ,139.5724131,35.63559341
13219005800,13219,58,‚µ‚η‚Ά‚Γ‚©‚±‚Σ‚ρ,”’δ’ΛΓ•­,]s ’†aςO’–Ϊ,139.5714347,35.63583059
13219006600,13219,66,‚Ά‚θ‚¤‚¦‚«‚ε‚¤‚Γ‚©‚±‚Σ‚ρ,§γ‹¬Γ•­βΥ,]s ’†aςl’–Ϊ,139.5648085,35.63587244
13219006700,13219,67,‚―‚Ά‚°‚ρ‚¶7‚²‚¤‚±‚Σ‚ρ,c³›7†Γ•­,]s βΛ“μO’–Ϊ,139.5938484,35.62710282
13224000400,13224,4,‚¤‚·‚Ά‚Γ‚©‚±‚Σ‚ρ,‰Pδ’ΛΓ•­,‘½–€s •S‘,139.4340158,35.6384356
13224000500,13224,5,‚Ά‚Θ‚θ‚Γ‚©‚±‚Σ‚ρ,ξ‰Χ’ΛΓ•­,‘½–€s •S‘,139.4345651,35.63854721
13224000600,13224,6,‚±‚¤‚µ‚ρ‚Γ‚©‚±‚Σ‚ρ,M\’ΛΓ•­,‘½–€s a“c,139.4342278,35.64156861
13224020800,13224,208,‚Β‚©‚Α‚Ο‚η‚±‚Σ‚ρ‚®‚ρ,’Λ΄Γ•­Q,‘½–€s a“c,139.4325155,35.64413547
13224020801,13224,,‚Β‚©‚Α‚Ο‚η1‚²‚¤‚±‚Σ‚ρ,’Λ΄1†Γ•­,‘½–€s a“c,139.4330133,35.64360537
13224020802,13224,,‚Β‚©‚Α‚Ο‚η2‚²‚¤‚±‚Σ‚ρ,’Λ΄2†Γ•­,‘½–€s a“c,139.4324812,35.64368907
13224020803,13224,,‚Β‚©‚Α‚Ο‚η3‚²‚¤‚±‚Σ‚ρ,’Λ΄3†Γ•­,‘½–€s a“c,139.4322194,35.64376928
13224020804,13224,,‚Β‚©‚Α‚Ο‚η4‚²‚¤‚±‚Σ‚ρ,’Λ΄4†Γ•­,‘½–€s a“c,139.4319319,35.64342401
13224020805,13224,,‚Β‚©‚Α‚Ο‚η5‚²‚¤‚±‚Σ‚ρ,’Λ΄5†Γ•­,‘½–€s a“c,139.4324646,35.64348409
13224020806,13224,,‚Β‚©‚Α‚Ο‚η6‚²‚¤‚±‚Σ‚ρ,’Λ΄6†Γ•­,‘½–€s a“c,139.4332027,35.64419555
13224020807,13224,,‚Β‚©‚Α‚Ο‚η7‚²‚¤‚±‚Σ‚ρ,’Λ΄7†Γ•­,‘½–€s a“c,139.4319152,35.64370729
13224020808,13224,,‚Β‚©‚Α‚Ο‚η8‚²‚¤‚±‚Σ‚ρ,’Λ΄8†Γ•­,‘½–€s a“c,139.4321212,35.64333064
13224020809,13224,,‚Β‚©‚Α‚Ο‚η9‚²‚¤‚±‚Σ‚ρ,’Λ΄9†Γ•­,‘½–€s a“c,139.4316744,35.6434409
13228002200,13228,22,‚½‚Δ‚β‚±‚Σ‚ρ‚®‚ρ,Ϊ’JΓ•­Q,‚ ‚«‚ι–μs Ω’J,139.2327187,35.72820897
13228003600,13228,36,‚β‚ά‚Ύ‚±‚Σ‚ρ,R“cΓ•­,‚ ‚«‚ι–μs R“c,139.2599786,35.72578417
13228004701,13228,,‚έ‚Η‚¤‚¤‚¦‚±‚Σ‚ρ‚®‚ρ1‚²‚¤‚±‚Σ‚ρ,δ“°γΓ•­Q1†Γ•­,‚ ‚«‚ι–μs ‘‰Τ,139.2936829,35.74205282
13228004702,13228,,‚έ‚Η‚¤‚¤‚¦‚±‚Σ‚ρ‚®‚ρ2‚²‚¤‚±‚Σ‚ρ,δ“°γΓ•­Q2†Γ•­,‚ ‚«‚ι–μs ‘‰Τ,139.2946099,35.74208068
13228004703,13228,,‚έ‚Η‚¤‚¤‚¦‚±‚Σ‚ρ‚®‚ρ3‚²‚¤‚±‚Σ‚ρ,δ“°γΓ•­Q3†Γ•­,‚ ‚«‚ι–μs ‘‰Τ,139.2939747,35.74160696
13228004704,13228,,‚έ‚Η‚¤‚¤‚¦‚±‚Σ‚ρ‚®‚ρ4‚²‚¤‚±‚Σ‚ρ,δ“°γΓ•­Q4†Γ•­,‚ ‚«‚ι–μs ‘‰Τ,139.2969102,35.74096604
13228005000,13228,50,‚«‚½‚±‚έ‚β‚±‚Σ‚ρ,–k¬‹{Γ•­,‚ ‚«‚ι–μs ‘‰Τ,139.3013905,35.74056197
13228005900,13228,59,‚­‚³‚Ξ‚Θ‚±‚Σ‚ρ‚®‚ρ,‘‰ΤΓ•­Q,‚ ‚«‚ι–μs ‘‰Τ,139.3102547,35.73739035
13228005901,13228,,,‚ ‚«‚ι–μsNo.59-1Γ•­,‚ ‚«‚ι–μs ‘‰Τ,139.3067185,35.74028853
13228005903,13228,,,‚ ‚«‚ι–μsNo.59-3Γ•­,‚ ‚«‚ι–μs ‘‰Τ,139.3076733,35.73843016
13228005904,13228,,,‚ ‚«‚ι–μsNo.59-4Γ•­,‚ ‚«‚ι–μs ‘‰Τ,139.3076218,35.73787281
13228005905,13228,,,‚ ‚«‚ι–μsNo.59-5Γ•­,‚ ‚«‚ι–μs ‘‰Τ,139.3104886,35.73790068
13228005906,13228,,,‚ ‚«‚ι–μsNo.59-6Γ•­,‚ ‚«‚ι–μs ‘‰Τ,139.3114499,35.73707859
13228005907,13228,,,‚ ‚«‚ι–μsNo.59-7Γ•­,‚ ‚«‚ι–μs ‘‰Τ,139.3137845,35.7352811
13228005908,13228,,,‚ ‚«‚ι–μsNo.59-8Γ•­,‚ ‚«‚ι–μs ‘‰Τ,139.3142651,35.7348352
13228005909,13228,,,‚ ‚«‚ι–μsNo.59-9Γ•­,‚ ‚«‚ι–μs ‘‰Τ,139.3079137,35.73815149
13228005910,13228,,,‚ ‚«‚ι–μsNo.59-10Γ•­,‚ ‚«‚ι–μs ‘‰Τ,139.3119477,35.73734333
13228005911,13228,,,‚ ‚«‚ι–μsNo.59-11Γ•­,‚ ‚«‚ι–μs ‘‰Τ,139.3112096,35.73771954
13228006601,13228,,‚ΰ‚θ‚β‚ά‚±‚Σ‚ρ3‚²‚¤‚Σ‚ρ,XRΓ•­3†•­,‚ ‚«‚ι–μs ‘‰Τ,139.3190373,35.73217372
13228006602,13228,,‚ΰ‚θ‚β‚ά‚±‚Σ‚ρ2‚²‚¤‚Σ‚ρ,XRΓ•­2†•­,‚ ‚«‚ι–μs ‘‰Τ,139.3184022,35.73220158
13228006603,13228,,‚ΰ‚θ‚β‚ά‚±‚Σ‚ρ1‚²‚¤‚Σ‚ρ,XRΓ•­1†•­,‚ ‚«‚ι–μs ‘‰Τ,139.3185738,35.73302373
13228006700,13228,67,‚Ή‚Ζ‚¨‚©‚±‚Σ‚ρ‚®‚ρ,£Λ‰Γ•­Q,‚ ‚«‚ι–μs £Λ‰,139.2876823,35.73894482
13228006701,13228,,‚Ή‚Ζ‚¨‚©‚±‚Σ‚ρ‚®‚ρ1‚²‚¤‚Σ‚ρ,£Λ‰Γ•­Q1†•­,‚ ‚«‚ι–μs £Λ‰,139.2861132,35.73965325
13228006702,13228,,‚Ή‚Ζ‚¨‚©‚±‚Σ‚ρ‚®‚ρ2‚²‚¤‚Σ‚ρ,£Λ‰Γ•­Q2†•­,‚ ‚«‚ι–μs £Λ‰,139.2864308,35.73971595
13228006703,13228,,‚Ή‚Ζ‚¨‚©‚±‚Σ‚ρ‚®‚ρ3‚²‚¤‚Σ‚ρ,£Λ‰Γ•­Q3†•­,‚ ‚«‚ι–μs £Λ‰,139.2866968,35.73970202
13228006704,13228,,‚Ή‚Ζ‚¨‚©‚±‚Σ‚ρ‚®‚ρ4‚²‚¤‚Σ‚ρ,£Λ‰Γ•­Q4†•­,‚ ‚«‚ι–μs £Λ‰,139.2858844,35.73916493
13228006705,13228,,‚Ή‚Ζ‚¨‚©‚±‚Σ‚ρ‚®‚ρ5‚²‚¤‚Σ‚ρ,£Λ‰Γ•­Q5†•­,‚ ‚«‚ι–μs £Λ‰,139.2857557,35.73908133
13228006706,13228,,‚Ή‚Ζ‚¨‚©‚±‚Σ‚ρ‚®‚ρ6‚²‚¤‚Σ‚ρ,£Λ‰Γ•­Q6†•­,‚ ‚«‚ι–μs £Λ‰,139.2856824,35.73884032
13228006707,13228,,‚Ή‚Ζ‚¨‚©‚±‚Σ‚ρ‚®‚ρ7‚²‚¤‚Σ‚ρ,£Λ‰Γ•­Q7†•­,‚ ‚«‚ι–μs £Λ‰,139.2856567,35.73842928
13228006708,13228,,‚Ή‚Ζ‚¨‚©‚±‚Σ‚ρ‚®‚ρ8‚²‚¤‚Σ‚ρ,£Λ‰Γ•­Q8†•­,‚ ‚«‚ι–μs £Λ‰,139.2861459,35.73822724
13228006709,13228,,‚Ή‚Ζ‚¨‚©‚±‚Σ‚ρ‚®‚ρ9‚²‚¤‚Σ‚ρ,£Λ‰Γ•­Q9†•­,‚ ‚«‚ι–μs £Λ‰,139.2859743,35.73799037
13228006710,13228,,‚Ή‚Ζ‚¨‚©‚±‚Σ‚ρ‚®‚ρ10‚²‚¤‚Σ‚ρ,£Λ‰Γ•­Q10†•­,‚ ‚«‚ι–μs £Λ‰,139.2873561,35.73978083
13228006711,13228,,‚Ή‚Ζ‚¨‚©‚±‚Σ‚ρ‚®‚ρ11‚²‚¤‚Σ‚ρ,£Λ‰Γ•­Q11†•­,‚ ‚«‚ι–μs £Λ‰,139.2875621,35.73998287
13228006712,13228,,‚Ή‚Ζ‚¨‚©‚±‚Σ‚ρ‚®‚ρ12‚²‚¤‚Σ‚ρ,£Λ‰Γ•­Q12†•­,‚ ‚«‚ι–μs £Λ‰,139.2875793,35.7401222
13228006713,13228,,‚Ή‚Ζ‚¨‚©‚±‚Σ‚ρ‚®‚ρ13‚²‚¤‚Σ‚ρ,£Λ‰Γ•­Q13†•­,‚ ‚«‚ι–μs £Λ‰,139.2877595,35.74015703
13228006714,13228,,‚Ή‚Ζ‚¨‚©‚±‚Σ‚ρ‚®‚ρ14‚²‚¤‚Σ‚ρ,£Λ‰Γ•­Q14†•­,‚ ‚«‚ι–μs £Λ‰,139.2881801,35.7402267
13228006715,13228,,‚Ή‚Ζ‚¨‚©‚±‚Σ‚ρ‚®‚ρ15‚²‚¤‚Σ‚ρ,£Λ‰Γ•­Q15†•­,‚ ‚«‚ι–μs £Λ‰,139.2883518,35.7401849
13228006716,13228,,‚Ή‚Ζ‚¨‚©‚±‚Σ‚ρ‚®‚ρ16‚²‚¤‚Σ‚ρ,£Λ‰Γ•­Q16†•­,‚ ‚«‚ι–μs £Λ‰,139.288429,35.7402894
13228006717,13228,,‚Ή‚Ζ‚¨‚©‚±‚Σ‚ρ‚®‚ρ17‚²‚¤‚Σ‚ρ,£Λ‰Γ•­Q17†•­,‚ ‚«‚ι–μs £Λ‰,139.2885578,35.74024063
13228006718,13228,,‚Ή‚Ζ‚¨‚©‚±‚Σ‚ρ‚®‚ρ18‚²‚¤‚Σ‚ρ,£Λ‰Γ•­Q18†•­,‚ ‚«‚ι–μs £Λ‰,139.2880771,35.7399968
13228006719,13228,,‚Ή‚Ζ‚¨‚©‚±‚Σ‚ρ‚®‚ρ19‚²‚¤‚Σ‚ρ,£Λ‰Γ•­Q19†•­,‚ ‚«‚ι–μs £Λ‰,139.2882917,35.74006646
13228006720,13228,,‚Ή‚Ζ‚¨‚©‚±‚Σ‚ρ‚®‚ρ20‚²‚¤‚Σ‚ρ,£Λ‰Γ•­Q20†•­,‚ ‚«‚ι–μs £Λ‰,139.28795,35.73986225
13228006721,13228,,‚Ή‚Ζ‚¨‚©‚±‚Σ‚ρ‚®‚ρ21‚²‚¤‚Σ‚ρ,£Λ‰Γ•­Q21†•­,‚ ‚«‚ι–μs £Λ‰,139.2881216,35.73986922
13228006722,13228,,‚Ή‚Ζ‚¨‚©‚±‚Σ‚ρ‚®‚ρ22‚²‚¤‚Σ‚ρ,£Λ‰Γ•­Q22†•­,‚ ‚«‚ι–μs £Λ‰,139.2876238,35.73975775
13228006723,13228,,‚Ή‚Ζ‚¨‚©‚±‚Σ‚ρ‚®‚ρ23‚²‚¤‚Σ‚ρ,£Λ‰Γ•­Q23†•­,‚ ‚«‚ι–μs £Λ‰,139.2879071,35.73972989
13228006724,13228,,‚Ή‚Ζ‚¨‚©‚±‚Σ‚ρ‚®‚ρ24‚²‚¤‚Σ‚ρ,£Λ‰Γ•­Q24†•­,‚ ‚«‚ι–μs £Λ‰,139.2882059,35.73971117
13228006725,13228,,‚Ή‚Ζ‚¨‚©‚±‚Σ‚ρ‚®‚ρ25‚²‚¤‚Σ‚ρ,£Λ‰Γ•­Q25†•­,‚ ‚«‚ι–μs £Λ‰,139.2885578,35.73989927
13228006727,13228,,‚Ή‚Ζ‚¨‚©‚±‚Σ‚ρ‚®‚ρ27‚²‚¤‚Σ‚ρ,£Λ‰Γ•­Q27†•­,‚ ‚«‚ι–μs £Λ‰,139.2874677,35.73953003
13228006728,13228,,‚Ή‚Ζ‚¨‚©‚±‚Σ‚ρ‚®‚ρ28‚²‚¤‚Σ‚ρ,£Λ‰Γ•­Q28†•­,‚ ‚«‚ι–μs £Λ‰,139.2876394,35.73957183
13228006729,13228,,‚Ή‚Ζ‚¨‚©‚±‚Σ‚ρ‚®‚ρ29‚²‚¤‚Σ‚ρ,£Λ‰Γ•­Q29†•­,‚ ‚«‚ι–μs £Λ‰,139.2877853,35.73946733
13228006730,13228,,‚Ή‚Ζ‚¨‚©‚±‚Σ‚ρ‚®‚ρ30‚²‚¤‚Σ‚ρ,£Λ‰Γ•­Q30†•­,‚ ‚«‚ι–μs £Λ‰,139.2879312,35.739328
13228006731,13228,,‚Ή‚Ζ‚¨‚©‚±‚Σ‚ρ‚®‚ρ31‚²‚¤‚Σ‚ρ,£Λ‰Γ•­Q31†•­,‚ ‚«‚ι–μs £Λ‰,139.2881372,35.7395161
13228006732,13228,,‚Ή‚Ζ‚¨‚©‚±‚Σ‚ρ‚®‚ρ32‚²‚¤‚Σ‚ρ,£Λ‰Γ•­Q32†•­,‚ ‚«‚ι–μs £Λ‰,139.2883003,35.73943946
13228006733,13228,,‚Ή‚Ζ‚¨‚©‚±‚Σ‚ρ‚®‚ρ33‚²‚¤‚Σ‚ρ,£Λ‰Γ•­Q33†•­,‚ ‚«‚ι–μs £Λ‰,139.2885148,35.7395579
13228006734,13228,,‚Ή‚Ζ‚¨‚©‚±‚Σ‚ρ‚®‚ρ34‚²‚¤‚Σ‚ρ,£Λ‰Γ•­Q34†•­,‚ ‚«‚ι–μs £Λ‰,139.2879484,35.73867312
13228006735,13228,,‚Ή‚Ζ‚¨‚©‚±‚Σ‚ρ‚®‚ρ35‚²‚¤‚Σ‚ρ,£Λ‰Γ•­Q35†•­,‚ ‚«‚ι–μs £Λ‰,139.2880514,35.73851288
13228006737,13228,,‚Ή‚Ζ‚¨‚©‚±‚Σ‚ρ‚®‚ρ37‚²‚¤‚Σ‚ρ,£Λ‰Γ•­Q37†•­,‚ ‚«‚ι–μs £Λ‰,139.2879398,35.73941856
13228006738,13228,,‚Ή‚Ζ‚¨‚©‚±‚Σ‚ρ‚®‚ρ38‚²‚¤‚Σ‚ρ,£Λ‰Γ•­Q38†•­,‚ ‚«‚ι–μs £Λ‰,139.287339,35.73961363
13228006739,13228,,‚Ή‚Ζ‚¨‚©‚±‚Σ‚ρ‚®‚ρ39‚²‚¤‚Σ‚ρ,£Λ‰Γ•­Q39†•­,‚ ‚«‚ι–μs £Λ‰,139.2871072,35.73967633
13228006740,13228,,‚Ή‚Ζ‚¨‚©‚±‚Σ‚ρ‚®‚ρ40‚²‚¤‚Σ‚ρ,£Λ‰Γ•­Q40†•­,‚ ‚«‚ι–μs £Λ‰,139.2878368,35.7395788
13228006741,13228,,‚Ή‚Ζ‚¨‚©‚±‚Σ‚ρ‚®‚ρ41‚²‚¤‚Σ‚ρ,£Λ‰Γ•­Q41†•­,‚ ‚«‚ι–μs £Λ‰,139.2892272,35.7396415
13228006742,13228,,‚Ή‚Ζ‚¨‚©‚±‚Σ‚ρ‚®‚ρ42‚²‚¤‚Σ‚ρ,£Λ‰Γ•­Q42†•­,‚ ‚«‚ι–μs £Λ‰,139.2856567,35.73869402
13228006743,13228,,‚Ή‚Ζ‚¨‚©‚±‚Σ‚ρ‚®‚ρ43‚²‚¤‚Σ‚ρ,£Λ‰Γ•­Q43†•­,‚ ‚«‚ι–μs £Λ‰,139.2859142,35.73880549
13228006744,13228,,‚Ή‚Ζ‚¨‚©‚±‚Σ‚ρ‚®‚ρ44‚²‚¤‚Σ‚ρ,£Λ‰Γ•­Q44†•­,‚ ‚«‚ι–μs £Λ‰,139.2877595,35.74000377
13228006745,13228,,‚Ή‚Ζ‚¨‚©‚±‚Σ‚ρ‚®‚ρ45‚²‚¤‚Σ‚ρ,£Λ‰Γ•­Q45†•­,‚ ‚«‚ι–μs £Λ‰,139.2874677,35.7397042
13228006746,13228,,‚Ή‚Ζ‚¨‚©‚±‚Σ‚ρ‚®‚ρ46‚²‚¤‚Σ‚ρ,£Λ‰Γ•­Q46†•­,‚ ‚«‚ι–μs £Λ‰,139.2886522,35.740373
13228006747,13228,,‚Ή‚Ζ‚¨‚©‚±‚Σ‚ρ‚®‚ρ47‚²‚¤‚Σ‚ρ,£Λ‰Γ•­Q47†•­,‚ ‚«‚ι–μs £Λ‰,139.2889268,35.74054716
13228006905,13228,,‚Ν‚η‚±‚έ‚β‚±‚Σ‚ρ‚®‚ρ5‚²‚¤‚Σ‚ρ,΄¬‹{Γ•­Q5†•­,‚ ‚«‚ι–μs ΄¬‹{,139.3013283,35.7344642
13228007100,13228,71,,‚ ‚«‚ι–μsNo.71βΥ,‚ ‚«‚ι–μs •½‘ς,139.30998,35.73117563
13228007900,13228,79,‚¨‚¨‚Β‚©‚±‚Σ‚ρ,‘ε’ΛΓ•­,‚ ‚«‚ι–μs ‰JΤ,139.2929855,35.72783119
13228010401,13228,,,‚ ‚«‚ι–μsNo.104-1βΥ,‚ ‚«‚ι–μs ‹ΐ,139.2840677,35.72077256
13228010402,13228,,,‚ ‚«‚ι–μsNo.104-2βΥ,‚ ‚«‚ι–μs ‹ΐ,139.2842051,35.7205217
13228010403,13228,,,‚ ‚«‚ι–μsNo.104-3βΥ,‚ ‚«‚ι–μs ‹ΐ,139.2845484,35.72053564
13228010500,13228,105,,‚ ‚«‚ι–μsNo.105βΥ,‚ ‚«‚ι–μs “ρ‹{,139.3133103,35.72710654
13228010600,13228,106,,‚ ‚«‚ι–μsNo.106βΥ,‚ ‚«‚ι–μs ψ“c,139.2697633,35.71956855
13305001900,13305,19,‚µ‚ΰ‚Π‚η‚Ά‚±‚Σ‚ρ,‰Ί•½δΓ•­,“ϊ‚Μo’¬ •½δ,139.2741196,35.74017102
11207000500,11207,5,,•X‰J’Λ,’•ƒs,139.08783,36.060669
11207001701,11207,017-1,,‘ε–μ΄Γ•­Q,’•ƒs,139.100632,36.04148054
11207001702,11207,017-2,,‘ε–μ΄Γ•­Q,’•ƒs,139.100323,36.04039786
11207001703,11207,017-3,,‘ε–μ΄Γ•­Q‚R†•­,’•ƒs,139.1036876,36.03656673
11207001704,11207,017-4,,‘ε–μ΄Γ•­Q‚S†•­,’•ƒs,139.1029964,36.03598642
11207001705,11207,017-5,,‘ε–μ΄Γ•­Q‚T†•­,’•ƒs,139.1032022,36.03498971
11207001706,11207,017-6,,‘ε–μ΄Γ•­Q‚U†•­,’•ƒs,139.1038289,36.03511833
11207001707,11207,017-7,,‘ε–μ΄Γ•­Q‚V†•­,’•ƒs,139.1036825,36.03490656
11207001708,11207,017-8,,‘ε–μ΄Γ•­Q‚W†•­,’•ƒs,139.1035112,36.03440668
11207001709,11207,017-9,,‘ε–μ΄Γ•­Q‚X†•­,’•ƒs,139.1014444,36.03337666
11207001710,11207,017-10,,‘ε–μ΄Γ•­Q‚P‚O†•­,’•ƒs,139.1010651,36.03326512
11207001711,11207,017-11,,‘ε–μ΄Γ•­Q‚Q‚R†•­,’•ƒs,139.1017148,36.02595995
11207001901,11207,019-1,,‘ε–μ΄Γ•­Q,’•ƒs,139.1033876,36.03003729
11207001902,11207,019-2,,‘ε–μ΄Γ•­Q,’•ƒs,139.1037388,36.02979632
11207001903,11207,019-3,,‘ε–μ΄Γ•­Q,’•ƒs,139.104155,36.02987267
11207001904,11207,019-4,,‘ε–μ΄Γ•­Q,’•ƒs,139.1035542,36.03013644
11207002001,11207,020-1,,‘ε–μ΄Γ•­Q,’•ƒs,139.11073,36.02869219
11207002002,11207,020-2,,‘ε–μ΄Γ•­Q,’•ƒs,139.1107254,36.02906923
11207002003,11207,020-3,,‘ε–μ΄Γ•­Q,’•ƒs,139.109664,36.02935953
11207002004,11207,020-4,,‘ε–μ΄Γ•­Q,’•ƒs,139.1096297,36.02949836
11207002005,11207,020-5,,‘ε–μ΄Γ•­Q,’•ƒs,139.1094495,36.02938036
11207002006,11207,020-6,,‘ε–μ΄Γ•­Q,’•ƒs,139.1092349,36.02938036
11207002007,11207,020-7,,‘ε–μ΄Γ•­Q,’•ƒs,139.1091718,36.02925317
11207002600,11207,26,,‘ε’ΛΓ•­,’•ƒs,139.0775113,36.02091913
11207002700,11207,27,,‘ε–μ΄Γ•­Q24†•­,’•ƒs,139.0957138,36.01995319
11207003300,11207,33,,Τ’ΛΓ•­,’•ƒs,139.1142292,36.0123859
11207004700,11207,47,,•ε’ΛΓ•­,’•ƒs,139.100382,36.0051602
11207005200,11207,52,,—΄_’ΛβΥ,’•ƒs,139.0971448,36.00263502
11207005800,11207,58,,•X‰J’ΛΓ•­,’•ƒs,139.0931875,35.99722415
11207006400,11207,64,,‘κβΓ•­Q,’•ƒs,139.0714399,35.99024438
11207006800,11207,68,,‰W’Λ,’•ƒs,139.0776827,35.98488101
11207006900,11207,69,,Ο’ΛΓ•­,’•ƒs,139.0682297,35.98097155
11207007300,11207,73,,•X‰J’ΛΓ•­,’•ƒs,139.0620155,35.97608175
11207009000,11207,90,,‹ΰΊΓ•­Q1†•­,’•ƒs,139.0796218,36.00931163
11207009100,11207,91,,‹ΰΊΓ•­Q2†•­,’•ƒs,139.0797591,36.00972821
11207009200,11207,92,,‹ΰΊΓ•­Q3†•­,’•ƒs,139.0800287,36.00997966
11207009300,11207,93,,‹ΰΊΓ•­Q4†•­,’•ƒs,139.0797053,36.01025514
11207009400,11207,94,,‹ΰΊΓ•­Q5†•­,’•ƒs,139.0806689,36.01086685
11207009500,11207,95,,‹ΰΊΓ•­Q6†•­,’•ƒs,139.0800681,36.01086685
11207009600,11207,96,,‹ΰΊΓ•­Q7†•­,’•ƒs,139.0803576,36.01108829
11207009700,11207,97,,‹ΰΊΓ•­Q8†•­,’•ƒs,139.0810786,36.01121326
11207009800,11207,98,,‹ΰΊΓ•­Q9†•­,’•ƒs,139.0813899,36.01168611
11207009900,11207,99,,‹ΰΊΓ•­Q10†•­,’•ƒs,139.0820199,36.01184036
11207010000,11207,100,,‹ΰΊΓ•­Q11†•­,’•ƒs,139.0821058,36.01300674
11207010100,11207,101,,‹ΰΊΓ•­Q12†•­,’•ƒs,139.0822199,36.01360956
11207010300,11207,103,,”Ρ’Λµ–ΨΓ•­Q1†•­,’•ƒs,139.0970081,36.04541995
11207010400,11207,104,,”Ρ’Λµ–ΨΓ•­Q2†•­,’•ƒs,139.0970081,36.04541995
11207010500,11207,105,,”Ρ’Λµ–ΨΓ•­Q3†•­,’•ƒs,139.0970081,36.04541995
11207010600,11207,106,,”Ρ’Λµ–ΨΓ•­Q4†•­,’•ƒs,139.0970081,36.04541995
11207010700,11207,107,,”Ρ’Λµ–ΨΓ•­Q5†•­,’•ƒs,139.0970081,36.04541995
11207010800,11207,108,,”Ρ’Λµ–ΨΓ•­Q6†•­,’•ƒs,139.0970081,36.04541995
11207010900,11207,109,,”Ρ’Λµ–ΨΓ•­Q7†•­,’•ƒs,139.0970081,36.04541995
11207011000,11207,110,,”Ρ’Λµ–ΨΓ•­Q8†•­,’•ƒs,139.0970081,36.04541995
11207011100,11207,111,,”Ρ’Λµ–ΨΓ•­Q9†•­,’•ƒs,139.0970081,36.04541995
11207011200,11207,112,,”Ρ’Λµ–ΨΓ•­Q10†•­,’•ƒs,139.0970081,36.04541995
11207011300,11207,113,,”Ρ’Λµ–ΨΓ•­Q11†•­,’•ƒs,139.0970081,36.04541995
11207011400,11207,114,,”Ρ’Λµ–ΨΓ•­Q12†•­,’•ƒs,139.0970081,36.04541995
11207011500,11207,115,,”Ρ’Λµ–ΨΓ•­Q13†•­,’•ƒs,139.0970081,36.04541995
11207011600,11207,116,,”Ρ’Λµ–ΨΓ•­Q14†•­,’•ƒs,139.0970081,36.04541995
11207011700,11207,117,,”Ρ’Λµ–ΨΓ•­Q15†•­,’•ƒs,139.0970081,36.04541995
11207011800,11207,118,,”Ρ’Λµ–ΨΓ•­Q16†•­,’•ƒs,139.0970081,36.04541995
11207011900,11207,119,,”Ρ’Λµ–ΨΓ•­Q17†•­,’•ƒs,139.0970081,36.04541995
11207012000,11207,120,,”Ρ’Λµ–ΨΓ•­Q18†•­,’•ƒs,139.0970081,36.04541995
11207012100,11207,121,,”Ρ’Λµ–ΨΓ•­Q19†•­,’•ƒs,139.0970081,36.04541995
11207012200,11207,122,,”Ρ’Λµ–ΨΓ•­Q20†•­,’•ƒs,139.0970081,36.04541995
11207012300,11207,123,,”Ρ’Λµ–ΨΓ•­Q21†•­,’•ƒs,139.0970081,36.04541995
11207012400,11207,124,,”Ρ’Λµ–ΨΓ•­Q22†•­,’•ƒs,139.0970081,36.04541995
11207012500,11207,125,,”Ρ’Λµ–ΨΓ•­Q23†•­,’•ƒs,139.0970081,36.04541995
11207012600,11207,126,,”Ρ’Λµ–ΨΓ•­Q24†•­,’•ƒs,139.0970081,36.04541995
11207012700,11207,127,,”Ρ’Λµ–ΨΓ•­Q25†•­,’•ƒs,139.0970081,36.04541995
11207012800,11207,128,,”Ρ’Λµ–ΨΓ•­Q26†•­,’•ƒs,139.0970081,36.04541995
11207012900,11207,129,,”Ρ’Λµ–ΨΓ•­Q27†•­,’•ƒs,139.0970081,36.04541995
11207013000,11207,130,,”Ρ’Λµ–ΨΓ•­Q28†•­,’•ƒs,139.0970081,36.04541995
11207013100,11207,131,,”Ρ’Λµ–ΨΓ•­Q29†•­,’•ƒs,139.0970081,36.04541995
11207013200,11207,132,,”Ρ’Λµ–ΨΓ•­Q30†•­,’•ƒs,139.0970081,36.04541995
11207013300,11207,133,,”Ρ’Λµ–ΨΓ•­Q31†•­,’•ƒs,139.0970081,36.04541995
11207013400,11207,134,,”Ρ’Λµ–ΨΓ•­Q32†•­,’•ƒs,139.0970081,36.04541995
11207013500,11207,135,,”Ρ’Λµ–ΨΓ•­Q33†•­,’•ƒs,139.0970081,36.04541995
11207013600,11207,136,,”Ρ’Λµ–ΨΓ•­Q34†•­,’•ƒs,139.0970081,36.04541995
11207013700,11207,137,,”Ρ’Λµ–ΨΓ•­Q35†•­,’•ƒs,139.0970081,36.04541995
11207013800,11207,138,,”Ρ’Λµ–ΨΓ•­Q36†•­,’•ƒs,139.0970081,36.04541995
11207013900,11207,139,,”Ρ’Λµ–ΨΓ•­Q37†•­,’•ƒs,139.0970081,36.04541995
11207014000,11207,140,,”Ρ’Λµ–ΨΓ•­Q38†•­,’•ƒs,139.0970081,36.04541995
11207014100,11207,141,,”Ρ’Λµ–ΨΓ•­Q39†•­,’•ƒs,139.0970081,36.04541995
11207014200,11207,142,,”Ρ’Λµ–ΨΓ•­Q40†•­,’•ƒs,139.0970081,36.04541995
11207014300,11207,143,,”Ρ’Λµ–ΨΓ•­Q41†•­,’•ƒs,139.0970081,36.04541995
11207014400,11207,144,,”Ρ’Λµ–ΨΓ•­Q42†•­,’•ƒs,139.0970081,36.04541995
11207014500,11207,145,,”Ρ’Λµ–ΨΓ•­Q43†•­,’•ƒs,139.0970081,36.04541995
11207014600,11207,146,,”Ρ’Λµ–ΨΓ•­Q44†•­,’•ƒs,139.0970081,36.04541995
11207014700,11207,147,,”Ρ’Λµ–ΨΓ•­Q45†•­,’•ƒs,139.0970081,36.04541995
11207014800,11207,148,,”Ρ’Λµ–ΨΓ•­Q46†•­,’•ƒs,139.0970081,36.04541995
11207014900,11207,149,,”Ρ’Λµ–ΨΓ•­Q47†•­,’•ƒs,139.0970081,36.04541995
11207015000,11207,150,,”Ρ’Λµ–ΨΓ•­Q48†•­,’•ƒs,139.08783,36.060669
11207015100,11207,151,,”Ρ’Λµ–ΨΓ•­Q49†•­,’•ƒs,139.08783,36.060669
11207015200,11207,152,,”Ρ’Λµ–ΨΓ•­Q50†•­,’•ƒs,139.08783,36.060669
11207015300,11207,153,,”Ρ’Λµ–ΨΓ•­Q51†•­,’•ƒs,139.08783,36.060669
11207015400,11207,154,,”Ρ’Λµ–ΨΓ•­Q52†•­,’•ƒs,139.08783,36.060669
11207015500,11207,155,,”Ρ’Λµ–ΨΓ•­Q53†•­,’•ƒs,139.08783,36.060669
11207015600,11207,156,,”Ρ’Λµ–ΨΓ•­Q54†•­,’•ƒs,139.08783,36.060669
11207015700,11207,157,,”Ρ’Λµ–ΨΓ•­Q55†•­,’•ƒs,139.08783,36.060669
11207015800,11207,158,,”Ρ’Λµ–ΨΓ•­Q56†•­,’•ƒs,139.0944296,36.04400732
11207015900,11207,159,,”Ρ’Λµ–ΨΓ•­Q57†•­,’•ƒs,139.0944296,36.04400732
11207016000,11207,160,,”Ρ’Λµ–ΨΓ•­Q58†•­,’•ƒs,139.0944296,36.04400732
11207016100,11207,161,,”Ρ’Λµ–ΨΓ•­Q59†•­,’•ƒs,139.0944296,36.04400732
11207016200,11207,162,,”Ρ’Λµ–ΨΓ•­Q60†•­,’•ƒs,139.0944296,36.04400732
11207016300,11207,163,,”Ρ’Λµ–ΨΓ•­Q61†•­,’•ƒs,139.0944296,36.04400732
11207016400,11207,164,,”Ρ’Λµ–ΨΓ•­Q62†•­,’•ƒs,139.0944296,36.04400732
11207016500,11207,165,,”Ρ’Λµ–ΨΓ•­Q63†•­,’•ƒs,139.0944296,36.04400732
11207016600,11207,166,,”Ρ’Λµ–ΨΓ•­Q64†•­,’•ƒs,139.0944296,36.04400732
11207016700,11207,167,,”Ρ’Λµ–ΨΓ•­Q65†•­,’•ƒs,139.0944296,36.04400732
11207016800,11207,168,,”Ρ’Λµ–ΨΓ•­Q66†•­,’•ƒs,139.0944296,36.04400732
11207016900,11207,169,,”Ρ’Λµ–ΨΓ•­Q67†•­,’•ƒs,139.0944296,36.04400732
11207017000,11207,170,,”Ρ’Λµ–ΨΓ•­Q68†•­,’•ƒs,139.0944296,36.04400732
11207017100,11207,171,,”Ρ’Λµ–ΨΓ•­Q69†•­,’•ƒs,139.0944296,36.04400732
11207017200,11207,172,,”Ρ’Λµ–ΨΓ•­Q70†•­,’•ƒs,139.0944296,36.04400732
11207017300,11207,173,,”Ρ’Λµ–ΨΓ•­Q71†•­,’•ƒs,139.0944296,36.04400732
11207017400,11207,174,,”Ρ’Λµ–ΨΓ•­Q72†•­,’•ƒs,139.0944296,36.04400732
11207017500,11207,175,,”Ρ’Λµ–ΨΓ•­Q73†•­,’•ƒs,139.0944296,36.04400732
11207017600,11207,176,,”Ρ’Λµ–ΨΓ•­Q74†•­,’•ƒs,139.0944296,36.04400732
11207017700,11207,177,,”Ρ’Λµ–ΨΓ•­Q75†•­,’•ƒs,139.0944296,36.04400732
11207017800,11207,178,,”Ρ’Λµ–ΨΓ•­Q76†•­,’•ƒs,139.0944296,36.04400732
11207017900,11207,179,,”Ρ’Λµ–ΨΓ•­Q77†•­,’•ƒs,139.0944296,36.04400732
11207018000,11207,180,,”Ρ’Λµ–ΨΓ•­Q78†•­,’•ƒs,139.0944296,36.04400732
11207018100,11207,181,,”Ρ’Λµ–ΨΓ•­Q79†•­,’•ƒs,139.0944296,36.04400732
11207018200,11207,182,,”Ρ’Λµ–ΨΓ•­Q80†•­,’•ƒs,139.0944296,36.04400732
11207018300,11207,183,,”Ρ’Λµ–ΨΓ•­Q81†•­,’•ƒs,139.0944296,36.04400732
11207018400,11207,184,,”Ρ’Λµ–ΨΓ•­Q82†•­,’•ƒs,139.0944296,36.04400732
11207018500,11207,185,,”Ρ’Λµ–ΨΓ•­Q83†•­,’•ƒs,139.0944296,36.04400732
11207018600,11207,186,,”Ρ’Λµ–ΨΓ•­Q84†•­,’•ƒs,139.0944296,36.04400732
11207018700,11207,187,,”Ρ’Λµ–ΨΓ•­Q85†•­,’•ƒs,139.0944296,36.04400732
11207018800,11207,188,,”Ρ’Λµ–ΨΓ•­Q86†•­,’•ƒs,139.0944296,36.04400732
11207018900,11207,189,,”Ρ’Λµ–ΨΓ•­Q87†•­,’•ƒs,139.0944296,36.04400732
11207019000,11207,190,,”Ρ’Λµ–ΨΓ•­Q88†•­,’•ƒs,139.0944296,36.04400732
11207019100,11207,191,,”Ρ’Λµ–ΨΓ•­Q89†•­,’•ƒs,139.0944296,36.04400732
11207019200,11207,192,,”Ρ’Λµ–ΨΓ•­Q90†•­,’•ƒs,139.0944296,36.04400732
11207019300,11207,193,,”Ρ’Λµ–ΨΓ•­Q91†•­,’•ƒs,139.0944296,36.04400732
11207019400,11207,194,,”Ρ’Λµ–ΨΓ•­Q92†•­,’•ƒs,139.0944296,36.04400732
11207019500,11207,195,,”Ρ’Λµ–ΨΓ•­Q93†•­,’•ƒs,139.0944296,36.04400732
11207019600,11207,196,,”Ρ’Λµ–ΨΓ•­Q94†•­,’•ƒs,139.0944296,36.04400732
11207019700,11207,197,,”Ρ’Λµ–ΨΓ•­Q95†•­,’•ƒs,139.0944296,36.04400732
11207019800,11207,198,,”Ρ’Λµ–ΨΓ•­Q96†•­,’•ƒs,139.0944296,36.04400732
11207019900,11207,199,,”Ρ’Λµ–ΨΓ•­Q97†•­,’•ƒs,139.0944296,36.04400732
11207020000,11207,200,,”Ρ’Λµ–ΨΓ•­Q98†•­,’•ƒs,139.0944296,36.04400732
11207020100,11207,201,,”Ρ’Λµ–ΨΓ•­Q99†•­,’•ƒs,139.0944296,36.04400732
11207020200,11207,202,,”Ρ’Λµ–ΨΓ•­Q100†•­,’•ƒs,139.0944296,36.04400732
11207020300,11207,203,,”Ρ’Λµ–ΨΓ•­Q101†•­,’•ƒs,139.0944296,36.04400732
11207020400,11207,204,,”Ρ’Λµ–ΨΓ•­Q102†•­,’•ƒs,139.0944296,36.04400732
11207020500,11207,205,,”Ρ’Λµ–ΨΓ•­Q103†•­,’•ƒs,139.0944296,36.04400732
11207020600,11207,206,,”Ρ’Λµ–ΨΓ•­Q104†•­,’•ƒs,139.0944296,36.04400732
11207020700,11207,207,,”Ρ’Λµ–ΨΓ•­Q105†•­,’•ƒs,139.0944296,36.04400732
11207020800,11207,208,,”Ρ’Λµ–ΨΓ•­Q106†•­,’•ƒs,139.0944296,36.04400732
11207020900,11207,209,,”Ρ’Λµ–ΨΓ•­Q107†•­,’•ƒs,139.0944296,36.04400732
11207021000,11207,210,,”Ρ’Λµ–ΨΓ•­Q108†•­,’•ƒs,139.0944296,36.04400732
11207021100,11207,211,,”Ρ’Λµ–ΨΓ•­Q109†•­,’•ƒs,139.0944296,36.04400732
11207021200,11207,212,,”Ρ’Λµ–ΨΓ•­Q110†•­,’•ƒs,139.0944296,36.04400732
11207021300,11207,213,,”Ρ’Λµ–ΨΓ•­Q111†•­,’•ƒs,139.0944296,36.04400732
11207021400,11207,214,,”Ρ’Λµ–ΨΓ•­Q112†•­,’•ƒs,139.0944296,36.04400732
11207021500,11207,215,,”Ρ’Λµ–ΨΓ•­Q113†•­,’•ƒs,139.0944296,36.04400732
11207021600,11207,216,,”Ρ’Λµ–ΨΓ•­Q114†•­,’•ƒs,139.0944296,36.04400732
11207021700,11207,217,,”Ρ’Λµ–ΨΓ•­Q115†•­,’•ƒs,139.0944296,36.04400732
11207021800,11207,218,,”Ρ’Λµ–ΨΓ•­Q116†•­,’•ƒs,139.0944296,36.04400732
11207022100,11207,221,,”Ρ’Λµ–ΨΓ•­Q119†•­,’•ƒs,139.0944296,36.04400732
11207022200,11207,222,,”Ρ’Λµ–ΨΓ•­Q120†•­,’•ƒs,139.0944296,36.04400732
11207022200,11207,222,,”Ρ’Λµ–ΨΓ•­Q120†•­,’•ƒs,139.0944296,36.04400732
11207022200,11207,222,,”Ρ’Λµ–ΨΓ•­Q117†•­,’•ƒs,139.0944296,36.04400732
11207022200,11207,222,,”Ρ’Λµ–ΨΓ•­Q117†•­,’•ƒs,139.0944296,36.04400732
11207022300,11207,223,,”Ρ’Λµ–ΨΓ•­Q121†•­,’•ƒs,139.0944296,36.04400732
11207022300,11207,223,,”Ρ’Λµ–ΨΓ•­Q121†•­,’•ƒs,139.0944296,36.04400732
11207022300,11207,223,,”Ρ’Λµ–ΨΓ•­Q118†•­,’•ƒs,139.0944296,36.04400732
11207022300,11207,223,,”Ρ’Λµ–ΨΓ•­Q118†•­,’•ƒs,139.0944296,36.04400732
11207022400,11207,224,,”Ρ’Λµ–ΨΓ•­Q122†•­,’•ƒs,139.0944296,36.04400732
11207022500,11207,225,,”Ρ’Λµ–ΨΓ•­Q123†•­,’•ƒs,139.0944296,36.04400732
11207022600,11207,226,,”Ρ’Λµ–ΨΓ•­Q124†•­,’•ƒs,139.0944296,36.04400732
11207022700,11207,227,,”Ρ’Λµ–ΨΓ•­Q125†•­,’•ƒs,139.0944296,36.04400732
11207027000,11207,270,,γ‘Ύ“cΓ•­Q1†•­,’•ƒs,139.055664,36.037685
11207027100,11207,271,,γ‘Ύ“cΓ•­Q2†•­,’•ƒs,139.055664,36.037685
11207027200,11207,272,,γ‘Ύ“cΓ•­Q3†•­,’•ƒs,139.055664,36.037685
11207027300,11207,273,,γ‘Ύ“cΓ•­Q4†•­,’•ƒs,139.055664,36.037685
11207027900,11207,279,,”Ρ’Λµ–ΨΓ•­Q126†•­,’•ƒs,139.095734,36.029682
11207028000,11207,280,,”Ρ’Λµ–ΨΓ•­Q127†•­,’•ƒs,139.095734,36.029682
11207028100,11207,281,,”Ρ’Λµ–ΨΓ•­Q128†•­,’•ƒs,139.095734,36.029682
11207028200,11207,282,,”Ρ’Λµ–ΨΓ•­Q129†•­,’•ƒs,139.095734,36.029682
11207300300,11207,3,,ζ•ϋΓ•­Q,’•ƒs,139.025421,36.037281
11207300400,11207,4,,ζ•ϋΓ•­Q,’•ƒs,139.025421,36.037281
11207300500,11207,5,,ζ•ϋΓ•­Q,’•ƒs,139.025421,36.037281
11207300600,11207,6,,ζ•ϋΓ•­Q,’•ƒs,139.025421,36.037281
11207300700,11207,7,,ζ•ϋΓ•­Q,’•ƒs,139.025421,36.037281
11207300800,11207,8,,sl’ΛΓ•­i¬•ιΓ•­Qj,’•ƒs,139.025421,36.037281
11207301100,11207,11,,°“cΓ•­Q,’•ƒs,139.025421,36.037281
11207301600,11207,16,,ΐ’†‘ζ‚P†Γ•­,’•ƒs,139.0439,36.060764
11207303100,11207,31,,‘Ύ“c•”Γ•­Q,’•ƒs,138.967606,36.109669
11207303200,11207,32,,‘Ύ“c•”Γ•­Q,’•ƒs,138.967606,36.109669
11207303300,11207,33,,‘Ύ“c•”Γ•­Q,’•ƒs,138.967606,36.109669
11207303400,11207,34,,‘Ύ“c•”Γ•­Q,’•ƒs,138.967606,36.109669
11207303500,11207,35,,‘Ύ“c•”Γ•­Q,’•ƒs,138.967606,36.109669
11207303600,11207,36,,‘Ύ“c•”Γ•­Q,’•ƒs,138.967606,36.109669
11207303700,11207,37,,‘Ύ“c•”Γ•­Q,’•ƒs,138.967606,36.109669
11207303800,11207,38,,‘Ύ“c•”Γ•­Q,’•ƒs,138.967606,36.109669
11207303900,11207,39,,‘Ύ“c•”Γ•­Q,’•ƒs,138.967606,36.109669
11207304000,11207,40,,‘Ύ“c•”Γ•­Q,’•ƒs,138.967606,36.109669
11207306400,11207,64,,°“cΓ•­Q,’•ƒs,139.025421,36.037281
11207306500,11207,65,,°“cΓ•­Q,’•ƒs,139.025421,36.037281
11207306600,11207,66,,°“cΓ•­Q,’•ƒs,139.025421,36.037281
11207306700,11207,67,,°“cΓ•­Q,’•ƒs,139.025421,36.037281
11207306800,11207,68,,°“cΓ•­Q,’•ƒs,139.025421,36.037281
11207306900,11207,69,,°“cΓ•­Q,’•ƒs,139.025421,36.037281
11207307200,11207,72,,ζ•ϋΓ•­Q,’•ƒs,139.025421,36.037281
11207307300,11207,73,,ζ•ϋΓ•­Q,’•ƒs,139.025421,36.037281
11207307400,11207,74,,ζ•ϋΓ•­Q,’•ƒs,139.025421,36.037281
11207307500,11207,75,,ζ•ϋΓ•­Q,’•ƒs,139.025421,36.037281
11207307600,11207,76,,ζ•ϋΓ•­Q,’•ƒs,139.025421,36.037281
11207307700,11207,77,,ζ•ϋΓ•­Q,’•ƒs,139.025421,36.037281
11207307800,11207,78,,ζ•ϋΓ•­Q,’•ƒs,139.025421,36.037281
11207307900,11207,79,,ζ•ϋΓ•­Q,’•ƒs,139.025421,36.037281
11207308000,11207,80,,ζ•ϋΓ•­Q,’•ƒs,139.025421,36.037281
11207308100,11207,81,,ζ•ϋΓ•­Q,’•ƒs,139.025421,36.037281
11207308200,11207,82,,ζ•ϋΓ•­Q,’•ƒs,139.025421,36.037281
11207308300,11207,83,,ζ•ϋΓ•­Q,’•ƒs,139.025421,36.037281
11207308400,11207,84,,ζ•ϋΓ•­Q,’•ƒs,139.025421,36.037281
11207308500,11207,85,,ζ•ϋΓ•­Q,’•ƒs,139.025421,36.037281
11207308600,11207,86,,ζ•ϋΓ•­Q,’•ƒs,139.025421,36.037281
11207308700,11207,87,,ζ•ϋΓ•­Q,’•ƒs,139.025421,36.037281
11207308800,11207,88,,ζ•ϋΓ•­Q,’•ƒs,139.025421,36.037281
11207308900,11207,89,,–q—ΡΓ•­i¬•ιΓ•­Qj,’•ƒs,139.025421,36.037281
11207309300,11207,93,,ΐ’†‘ζ‚Q†Γ•­,’•ƒs,139.0439,36.060764
11207309500,11207,95,,•“cΓ•­,’•ƒs,139.0439,36.060764
11207309700,11207,97,,\l’ΛΓ•­,’•ƒs,138.965881,36.064865
11207501600,11207,16,,³«’ΛΓ•­,’•ƒs,139.0117845,35.95391334
11207501700,11207,17,,‘ε’ΛΓ•­,’•ƒs,139.0133619,35.95359006
11207502000,11207,20,,”n—§Γ•­,’•ƒs,139.0072679,35.95506301
11209016500,11209,165,,‘Ί’†βΥ,”Ρ”\s,139.5402662,35.81511311
11212000200,11212,2,,‚βΩΥ,“ΌRs,139.4019871,36.00620461
11212000400,11212,4,,‚β2†•­,“ΌRs,139.4029142,36.00584025
11212000500,11212,5,,‚β13†•­,“ΌRs,139.3986947,36.00048633
11212000600,11212,6,,‚β4†•­,“ΌRs,139.4024752,36.00508252
11212000900,11212,9,,‚β5†•­,“ΌRs,139.4017972,36.00458595
11212001000,11212,10,,‚β6†•­,“ΌRs,139.4036322,36.00358105
11212001300,11212,13,,‚β7†•­,“ΌRs,139.4042811,36.00297274
11212001600,11212,16,,‚β3†•­,“ΌRs,139.3987203,36.0049626
11212002200,11212,22,,z–KR2†•­,“ΌRs,139.3913674,36.00839557
11212002300,11212,23,,z–KR9†•­,“ΌRs,139.3913374,36.00876176
11212002400,11212,24,,z–KRΓ•­Q,“ΌRs,139.3946504,36.008225
11212002500,11212,25,,z–KR29†•­,“ΌRs,139.3937102,36.00785815
11212002600,11212,26,,•xmσΤ_ΠΓ•­36†•­,“ΌRs,139.3928708,36.00973608
11212002700,11212,27,,z–KR33†•­,“ΌRs,139.3924964,36.00847742
11212002800,11212,28,,z–KR11†•­,“ΌRs,139.3911616,36.00867577
11212002900,11212,29,,z–KR7†•­,“ΌRs,139.3921331,36.00852844
11212003000,11212,30,,z–KR13†•­,“ΌRs,139.3907895,36.00853143
11212003100,11212,31,,z–KR23†•­,“ΌRs,139.3890771,36.00769482
11212003200,11212,32,,z–KR19†•­,“ΌRs,139.3893008,36.00865747
11212003300,11212,33,,z–KR20†•­,“ΌRs,139.389206,36.00886289
11212003800,11212,38,,z–KR37†•­,“ΌRs,139.3918242,36.01078315
11212004500,11212,45,,‚β8†•­,“ΌRs,139.4050705,36.00240286
11212004600,11212,46,,‚β9†•­,“ΌRs,139.4052656,36.0020153
11212005000,11212,50,,‚β10†•­,“ΌRs,139.403206,35.99666062
11212005200,11212,52,,‚β11†•­,“ΌRs,139.4052216,35.99946192
11212005300,11212,53,,‚β12†•­,“ΌRs,139.4036351,35.99881328
11212006100,11212,61,,–Ρ’Λ1†•­,“ΌRs,139.4004964,35.99481351
11212007100,11212,71,,–Ρ’Λ2†•­,“ΌRs,139.3950038,35.99768383
11212007200,11212,72,,–Ρ’Λ3†•­,“ΌRs,139.3956504,35.99760074
11212007300,11212,73,,–Ρ’Λ4†•­,“ΌRs,139.3955621,35.99729371
11212007400,11212,74,,–Ρ’Λ5†•­,“ΌRs,139.395498,35.9970157
11212007500,11212,75,,–Ρ’Λ6†•­,“ΌRs,139.3948425,35.99728973
11212007600,11212,76,,–Ρ’Λ7†•­,“ΌRs,139.394602,35.99697236
11212007700,11212,77,,–Ρ’Λ8†•­,“ΌRs,139.3946928,35.9973843
11212007800,11212,78,,–Ρ’Λ9†•­,“ΌRs,139.3938598,35.99730611
11212007900,11212,79,,–Ρ’Λ10†•­,“ΌRs,139.3934799,35.99725675
11212008000,11212,80,,–Ρ’Λ25†•­,“ΌRs,139.3935861,35.99633748
11212008100,11212,81,,–Ρ’Λ14†•­,“ΌRs,139.3922528,35.99655718
11212008200,11212,82,,–Ρ’Λ12†•­,“ΌRs,139.3926463,35.99662566
11212008400,11212,84,,–Ρ’Λ13†•­,“ΌRs,139.3933902,35.99562836
11212008500,11212,85,,–Ρ’Λ16†•­,“ΌRs,139.3923813,35.99615263
11212008600,11212,86,,–Ρ’Λ24†•­,“ΌRs,139.3942116,35.99589743
11212008800,11212,88,,–Ρ’Λ17†•­,“ΌRs,139.3948811,35.9970085
11212008900,11212,89,,–Ρ’Λ11†•­,“ΌRs,139.3917839,35.99756994
11212009100,11212,91,,–Ρ’Λ18†•­,“ΌRs,139.3903142,35.99975765
11212009200,11212,92,,–Ρ’Λ19†•­,“ΌRs,139.3899276,35.99980371
11212010300,11212,103,,–Ρ’Λ20†•­,“ΌRs,139.3960692,35.99371486
11212011400,11212,114,,–Ρ’Λ26†•­,“ΌRs,139.3912775,35.99963226
11212012900,11212,129,,‚β18†•­,“ΌRs,139.4099665,36.00065065
11212013100,11212,131,,‚β17†•­,“ΌRs,139.4091197,36.00201967
11212014100,11212,141,,Γ“€14†•­,“ΌRs,139.438779,36.00904838
11212014200,11212,142,,Γ“€4†•­,“ΌRs,139.4383811,36.00941061
11212014300,11212,143,,Γ“€15†•­,“ΌRs,139.436698,36.00859436
11212014400,11212,144,,Γ“€12†•­,“ΌRs,139.438851,36.01056039
11212014500,11212,145,,No.145†•­,“ΌRs,139.4386712,36.01133919
11212014600,11212,146,,No.146†•­,“ΌRs,139.4375692,36.01215099
11212014900,11212,149,,”θ8†•­,“ΌRs,139.4291127,36.02236969
11212015100,11212,151,,”θΓ•­QEF–μRΓ•­E‚¨‚­‚άRΓ•­E”θ1†•­,“ΌRs,139.4295605,36.01893395
11212015200,11212,152,,”θ10†•­,“ΌRs,139.4282763,36.02267919
11212015300,11212,153,,”θ11†•­,“ΌRs,139.4269409,36.02325285
11212015400,11212,154,,”θ28†•­,“ΌRs,139.4260818,36.02350887
11212015500,11212,155,,”θ13†•­Eξ‰Χ’ΛΓ•­,“ΌRs,139.4233148,36.02488261
11212015600,11212,156,,Γ“€30†•­,“ΌRs,139.4298493,36.0150707
11212016200,11212,162,,–μ–{«R’ΛΓ•­,“ΌRs,139.4126829,36.01793202
11212016700,11212,167,,•μ1†•­,“ΌRs,139.3838318,36.02358975
11212017000,11212,170,,•μ10†•­,“ΌRs,139.376868,36.02700845
11212017500,11212,175,,‰Ί“‚q4†•­,“ΌRs,139.3687823,36.02595974
11212017600,11212,176,,α‹{””¦Γ•­,“ΌRs,139.3691505,36.02659287
11212017700,11212,177,,‰Ί“‚q7†•­,“ΌRs,139.3693393,36.02564882
11212017800,11212,178,,‰Ί“‚q6†•­,“ΌRs,139.3689584,36.02541777
11212017900,11212,179,,‰Ί“‚q5†•­,“ΌRs,139.3686526,36.0256627
11212018100,11212,181,,‰Ί“‚q1†•­,“ΌRs,139.3605028,36.02780671
11212018400,11212,184,,Ό΄1†•­,“ΌRs,139.3354917,36.03811401
11212018500,11212,185,,Ό΄5†•­,“ΌRs,139.3345365,36.03686196
11212018600,11212,186,,Ό΄4†•­,“ΌRs,139.3339421,36.03815199
11212018700,11212,187,,Ό΄3†•­,“ΌRs,139.3331074,36.037792
11212018800,11212,188,,‰ΊΌ1†•­,“ΌRs,139.4148691,36.03854561
11212018900,11212,189,,‰ΊΌ2†•­,“ΌRs,139.4151695,36.03909044
11212019400,11212,194,,β•@11†•­,“ΌRs,139.4076504,36.05178437
11212020500,11212,205,,Oη’ΛΓ•­Q,“ΌRs,139.4007308,36.08109996
11212020700,11212,207,,Oη’ΛΓ•­Q,“ΌRs,139.4000845,36.08088
11212020800,11212,208,,Oη’ΛΓ•­Q,“ΌRs,139.3997669,36.08100486
11212020900,11212,209,,Oη’ΛΓ•­Q,“ΌRs,139.3992528,36.08070527
11212021000,11212,210,,Oη’ΛΓ•­Q,“ΌRs,139.3988365,36.08131421
11212021100,11212,211,,Oη’ΛΓ•­Q,“ΌRs,139.3969211,36.0857483
11212021200,11212,212,,Oη’ΛΓ•­Q,“ΌRs,139.3962499,36.08665117
11212021300,11212,213,,Oη’ΛΓ•­Q,“ΌRs,139.3961469,36.08632517
11212021400,11212,214,,Oη’ΛΓ•­Q,“ΌRs,139.3926423,36.08545713
11212021500,11212,215,,Oη’ΛΓ•­QE—‹“dRΓ•­,“ΌRs,139.388373,36.0872495
11212022600,11212,226,,No.226Γ•­,“ΌRs,139.3835002,35.9934341
11212022700,11212,227,,•½2†•­,“ΌRs,139.3839089,35.99307728
11212022800,11212,228,,•½1†•­,“ΌRs,139.3837894,35.99272828
11212022900,11212,229,,“c–ΨR3†•­,“ΌRs,139.385339,35.98817313
11212023300,11212,233,,•‘‘δ1†•­,“ΌRs,139.3873996,35.9962139
11212023400,11212,234,,•‘‘δ2†•­,“ΌRs,139.3867301,35.99633889
11212026000,11212,260,,Oη’ΛΓ•­Q,“ΌRs,139.3874989,36.08814568
11212026300,11212,263,,Oη’ΛΓ•­Q,“ΌRs,139.3998978,36.08201762
11212026400,11212,264,,Oη’ΛΓ•­Q,“ΌRs,139.4004745,36.08089274
11212026500,11212,265,,Oη’ΛΓ•­Q,“ΌRs,139.4001671,36.08067656
11212026600,11212,266,,Oη’ΛΓ•­Q,“ΌRs,139.3991627,36.08170266
11212026700,11212,267,,Oη’ΛΓ•­Q,“ΌRs,139.3991197,36.08128044
11212026800,11212,268,,Oη’ΛΓ•­Q,“ΌRs,139.3987133,36.08098246
11212026900,11212,269,,z–KR27†•­,“ΌRs,139.3912743,36.00849983
11212027000,11212,270,,z–KR52†•­,“ΌRs,139.3905518,36.00836271
11212027100,11212,271,,z–KR15†•­,“ΌRs,139.3902435,36.00844005
11212027200,11212,272,,z–KR17†•­,“ΌRs,139.389481,36.00843529
11212027300,11212,273,,z–KR21†•­,“ΌRs,139.3897219,36.00839769
11212027500,11212,275,,z–KR53†•­,“ΌRs,139.3906084,36.00850366
11212027600,11212,276,,”θ3†•­,“ΌRs,139.431808,36.01923402
11212028700,11212,287,,sƒm’Ψ1†•­,“ΌRs,139.3816096,36.08922651
11212028800,11212,288,,No.288Γ•­,“ΌRs,139.3996791,36.09208385
11212029000,11212,290,,ά”½—Ρ1†•­,“ΌRs,139.4070018,36.08672489
11212029100,11212,291,,Oη’ΛΓ•­Q,“ΌRs,139.4001778,36.08792859
11212029200,11212,292,,Oη’ΛΓ•­Q,“ΌRs,139.3974625,36.08801554
11212029300,11212,293,,Oη’ΛΓ•­Q,“ΌRs,139.3973967,36.08622299
11212031400,11212,314,,β“‡5†•­,“ΌRs,139.4121523,36.04872843
11212031500,11212,315,,β“‡Γ•­Q,“ΌRs,139.4123037,36.04877004
11212031600,11212,316,,β“‡2†•­,“ΌRs,139.4117224,36.0484587
11212031700,11212,317,,β“‡6†•­,“ΌRs,139.4121479,36.04925843
11212031800,11212,318,,β“‡24†•­,“ΌRs,139.4111938,36.0479775
11212031900,11212,319,,β“‡13†•­,“ΌRs,139.4137793,36.04664373
11212032100,11212,321,,No.321βΥ,“ΌRs,139.3833345,36.04775948
11212032200,11212,322,,”θ17†•­,“ΌRs,139.416993,36.02592234
11212032300,11212,323,,”θ16†•­,“ΌRs,139.4189671,36.02483945
11212032400,11212,324,,”θ15†•­,“ΌRs,139.4210943,36.02678929
11212032500,11212,325,,—‹“d’ΛΓ•­E”θ14†•­,“ΌRs,139.4222505,36.02472989
11212032600,11212,326,, »’ΛΓ•­E”θ2†•­,“ΌRs,139.4231818,36.02398831
11212032700,11212,327,,–μ–{4†•­,“ΌRs,139.422698,36.01890105
11212032800,11212,328,,–μ–{5†•­,“ΌRs,139.4252171,36.01747269
11212032900,11212,329,,–μ–{6†•­,“ΌRs,139.4269509,36.01726442
11212033000,11212,330,,–μ–{7†•­,“ΌRs,139.4273028,36.01720888
11212033100,11212,331,,–μ–{8†•­,“ΌRs,139.4279696,36.01721018
11212033200,11212,332,,‚©‚ρ‚Χ’Λ,“ΌRs,139.4376756,36.01652826
11212033300,11212,333,,No.333Γ•­,“ΌRs,139.4363568,36.01530254
11212033400,11212,334,,Γ“€13†•­,“ΌRs,139.4363422,36.010185
11212033500,11212,335,,έξ‰Χ_ΠΓ•­EΓ“€20†•­,“ΌRs,139.4401721,36.0054856
11212034200,11212,342,,‰Ί“‚q9†•­,“ΌRs,139.3620523,36.02191416
11212034300,11212,343,,‰Ί“‚q8†•­,“ΌRs,139.3605039,36.02468598
11212034400,11212,344,,‰Ί“‚q2†•­,“ΌRs,139.3611734,36.02503307
11212034500,11212,345,,“―©’Λ,“ΌRs,139.3527479,36.03191068
11212034900,11212,349,,“―©’Λ2†•­,“ΌRs,139.3495824,36.03071894
11212035400,11212,354,,Γ“€19†•­,“ΌRs,139.4328313,36.01178302
11212035500,11212,355,,–Ρ’Λ21†•­,“ΌRs,139.3953725,35.99331969
11212035700,11212,357,,–Ρ’Λ23†•­,“ΌRs,139.3952043,35.99541213
11212036100,11212,361,,No.361Γ•­,“ΌRs,139.3910346,36.09482791
11212036200,11212,362,,No.362Γ•­,“ΌRs,139.3853477,36.09268474
11212036300,11212,363,,No.363Γ•­,“ΌRs,139.3836743,36.0920782
11212036600,11212,366,,–Ρ’Λ27†•­,“ΌRs,139.3945763,35.99797292
11212036700,11212,367,,Oη’ΛΓ•­Q‘ζIxQENo.367Γ•­,“ΌRs,139.3999182,36.08069737
11212036800,11212,368,,?βΓ•­Q,“ΌRs,139.402966,36.00180882
11212037300,11212,373,,“k’n3†•­,“ΌRs,139.4020423,36.04948286
11212037400,11212,374,,Ό΄6†•­,“ΌRs,139.3346881,36.03856556
11212037500,11212,375,,•μ11†•­,“ΌRs,139.3804901,36.02449596
11212037600,11212,376,,β•@25†•­,“ΌRs,139.4088007,36.0515207
11215000100,11215,1,,γL£Γ•­Q,‹·Rs,139.3964771,35.8678085
11215002000,11215,20,,‘ςϋγΓ•­,‹·Rs,139.3664621,35.85093947
11215002900,11215,29,,βγβΥ,‹·Rs,139.4264014,35.87496615
11215005200,11215,52,,ξ‰ΧRφ‰€Γ•­Q,‹·Rs,139.394695,35.84728667
11215005300,11215,53,,ξ‰ΧRφ‰€Γ•­Q,‹·Rs,139.394738,35.84736494
11215005400,11215,54,,ξ‰ΧRφ‰€Γ•­Q,‹·Rs,139.3948023,35.84743451
11215005500,11215,55,,ξ‰ΧRφ‰€Γ•­Q,‹·Rs,139.3959074,35.84753887
11215005600,11215,56,,ξ‰ΧRφ‰€Γ•­Q,‹·Rs,139.3953817,35.84769541
11215005700,11215,57,,ξ‰ΧRφ‰€Γ•­Q,‹·Rs,139.3954997,35.84758235
11227001000,11227,10,,”’ΛβΥ,’©‰ΰs,139.5898534,35.82286463
11228000600,11228,6,,’Λ‚ΜRΓ•­,u–Ψs,139.5649862,35.82645031
11230002500,11230,25,,•v•w’Λ,Vΐs,139.5733808,35.79163916
11239000600,11239,6,,‰Ί¬βΓ•­Q,βΛs,139.4484592,35.94859226
11239000700,11239,7,,“V‰¤RΓ•­Q,βΛs,139.448606,35.95305888
11239000800,11239,8,,‹’ΛRΓ•­Q,βΛs,139.4433282,35.97150169
11239000900,11239,9,,—‹“`’ΛΓ•­Q,βΛs,139.4349786,35.97198358
11239001000,11239,10,,’Λ‰zΓ•­Q,βΛs,139.4235477,35.96905034
11239001100,11239,11,,CΓ•­Q,βΛs,139.4187422,35.97498026
11239001200,11239,12,,V’¬Γ•­Q,βΛs,139.4124375,35.97353916
11239001300,11239,13,,•Π–φΓ•­Q,βΛs,139.4053307,35.96992707
11239001400,11239,14,,VRΓ•­Q,βΛs,139.4032021,35.96423074
11239001500,11239,15,,””¦Γ•­Q,βΛs,139.4013138,35.95814493
11239001600,11239,16,,‰iΉ›Γ•­Q,βΛs,139.3971324,35.96151517
11239001601,11239,016-1,,‰iΉ›1†•­,βΛs,139.3975839,35.9612463
11239001700,11239,17,,σ‰H–μΓ•­Q,βΛs,139.3879665,35.95976131
11239001800,11239,18,,‚¨‚Ν‚β‚µRΓ•­Q,βΛs,139.3666067,35.94000935
11239001900,11239,19,,’ΛθΓ•­Q,βΛs,139.3735572,35.96448958
11239001901,11239,019-1,,’Λθ1†•­,βΛs,139.3742809,35.96520216
11239002000,11239,20,,¬θ›Γ•­Q,βΛs,139.3611616,35.95541336
11239002100,11239,21,,–k•τΓ•­Q,βΛs,139.3682683,35.96312053
11239002200,11239,22,,O•›Γ•­Q,βΛs,139.3618235,35.96402328
11239002300,11239,23,,‘ε‰Ν΄Γ•­Q,βΛs,139.3588518,35.9600404
11239002400,11239,24,,‘P”\›Γ•­Q,βΛs,139.3547405,35.96116836
11239002500,11239,25,,’Λ΄Γ•­Q,βΛs,139.3526457,35.96514478
11241000100,11241,1,,•xm’ΛΓ•­,’ίƒ–“‡s,139.3884068,35.93650093
11241000200,11241,2,,“μ‘Oψ’ΛΓ•­,’ίƒ–“‡s,139.3915924,35.93855321
11241002100,11241,21,,¤“†’Λ,’ίƒ–“‡s,139.3764438,35.93619205
11241002400,11241,24,,“V_’Λ,’ίƒ–“‡s,139.3826301,35.93890507
11241002500,11241,25,,R‰¤’Λ,’ίƒ–“‡s,139.3821495,35.93918303
11241002900,11241,29,,’’Λ,’ίƒ–“‡s,139.3783366,35.92977747
11241003200,11241,32,,‘δ’Λ,’ίƒ–“‡s,139.3790925,35.94251196
11241004900,11241,49,,’ίƒ–‹uξ‰Χ_ΠΓ•­,’ίƒ–“‡s,139.4188443,35.92470632
11241005100,11241,51,,’ίƒ–‹u‚P†•­,’ίƒ–“‡s,139.4169915,35.92403182
11242000600,11242,6,,“΅’ΛΓ•­,“ϊ‚s,139.3779084,35.88837567
11242002100,11242,21,,ό΄Γ•­,“ϊ‚s,139.373797,35.87136614
11326000300,11326,3,,‘ε—ήΓ•­Q,–ΡCR’¬,139.3512615,35.96320263
11326000800,11326,8,,μpΓ•­Q,–ΡCR’¬,139.343777,35.95639419
11326000900,11326,9,,ΌΛΓ•­Q,–ΡCR’¬,139.3319181,35.95674518
11341001000,11341,10,,R’†Γ•­Q,μ’¬,139.3558681,36.09909034
11341001600,11341,16,,R‚ΜγΓ•­Q,μ’¬,139.3710606,36.09536855
11341001800,11341,18,,—ΐΓ•­Q,μ’¬,139.3797955,36.09420737
11341001900,11341,19,,‘ΆRΓ•­Q,μ’¬,139.3822674,36.09531705
11341002200,11341,22,,™RΓ•­Q,μ’¬,139.3804643,36.09091558
11341008100,11341,81,,ιRβΥ,μ’¬,139.3647202,36.06970824
11341008200,11341,82,,ΌRΓ•­Q,μ’¬,139.3632317,36.07208878
11341008300,11341,83,,‘‘ςΓ•­Q,μ’¬,139.3630507,36.0758308
11341008400,11341,84,,I’JΓ•­Q,μ’¬,139.361017,36.077414
11341008600,11341,86,,•R’JΓ•­Q,μ’¬,139.3636781,36.08025897
11341009800,11341,98,,‰|Γ•­Q,μ’¬,139.35355,36.097599
11341010500,11341,105,,’†έ‰ΖβΥ,μ’¬,139.3541391,36.09424142
11341012900,11341,129,,‘ε“όΐ“μβΥ,μ’¬,139.3256036,36.09641279
11341013700,11341,137,,α•Ίΐ“μβΥ,μ’¬,139.3288652,36.08888758
11341013800,11341,138,,–xβΥ,μ’¬,139.3297972,36.08835609
11341013900,11341,139,,Ό΄Γ•­Q,μ’¬,139.3294541,36.08857776
11341015000,11341,150,,RθΓ•­Q,μ’¬,139.335565,36.08280705
11341015800,11341,158,,‹½ΠγΓ•­,μ’¬,139.3394118,36.07393066
11341021400,11341,214,,’†RβΥ,μ’¬,139.3429409,36.08401643
11341024100,11341,241,,•½Γ•­Q,μ’¬,139.3522961,36.05642209
11341025100,11341,251,,I‘ςΓ•­Q,μ’¬,139.3583346,36.0972893
11341025500,11341,255,,•½’JΓ•­,μ’¬,139.3549934,36.05562047
11341025600,11341,256,,•½’JΓ•­Q,μ’¬,139.3544625,36.05531816
11341025700,11341,257,,—Ό•½–kβΥ,μ’¬,139.3476519,36.05371609
11341025800,11341,258,,Ό•½IIβΥ,μ’¬,139.3466473,36.05387954
11341027300,11341,273,,—ΦΓ•­Q,μ’¬,139.3417331,36.04816769
11341034400,11341,344,,•\Γ•­1,μ’¬,139.3651,36.05434326
11341034500,11341,345,,•\Γ•­2,μ’¬,139.3640623,36.05397749
11341035200,11341,352,,ƒSƒGƒ‚ƒ“’ΛΓ•­,μ’¬,139.3682357,36.08749102
11341036300,11341,363,,‘ε“ΉΓ•­,μ’¬,139.3647889,36.06063319
11341036600,11341,366,,‚΄βΥ,μ’¬,139.3332993,36.08877197
11342001200,11342,12,,Ύ’ΓƒK΄Γ•­Q,—’R’¬,139.329118,36.02277327
11342002100,11342,21,,“΄Γ•­Q,—’R’¬,139.3296842,36.03580831
11342002200,11342,22,,›RΓ•­Q,—’R’¬,139.3255229,36.035516
11342003000,11342,30,,ξ‰Χ’ΛΓ•­,—’R’¬,139.325317,36.03782242
11342003200,11342,32,,R‰¤Γ•­Q,—’R’¬,139.3180554,36.03613524
11342003300,11342,33,,ό΄Γ•­Q,—’R’¬,139.3186688,36.0383782
11342003400,11342,34,,΄Γ•­Q,—’R’¬,139.3163148,36.03949877
11342004400,11342,44,,β‰ΤΓ•­Q,—’R’¬,139.3328975,36.05143458
11342004700,11342,47,,•¨©’ΛΓ•­,—’R’¬,139.315112,36.04438721
11342005100,11342,51,,“V_RΓ•­Q,—’R’¬,139.3221992,36.08049356
11342005400,11342,54,,w‰®Γ•­Q,—’R’¬,139.3134564,36.09459703
11342005500,11342,55,,”φ“μβΥ,—’R’¬,139.3073767,36.09651704
11342005700,11342,57,,Γ—ΆΓ•­Q”φxQ,—’R’¬,139.3084527,36.09854495
11342006000,11342,60,,Γ—ΆΓ•­Q‹ξxQ,—’R’¬,139.3105644,36.09922663
11342006600,11342,66,,“Ή›2†•­,—’R’¬,139.3230226,36.04520283
11342006800,11342,68,,Γ—ΆΓ•­Qγ“y‹΄xQ,—’R’¬,139.3079583,36.1022124
11342007100,11342,71,,Γ—ΆΓ•­QI‘ςxQ,—’R’¬,139.2974095,36.10436267
11342007200,11342,72,,Γ—ΆΓ•­Q_RxQ,—’R’¬,139.2898356,36.09997303
11342008900,11342,89,,“Ή›1†•­,—’R’¬,139.3230118,36.04461929
11342009200,11342,92,,Ξ“°Γ•­Q,—’R’¬,139.31797,36.03367998
11346000100,11346,1,,”’RΓ•­,μ“‡’¬,139.5308761,35.95381558
11346000200,11346,2,,σΤ’Λ,μ“‡’¬,139.5062256,35.96112445
11346000300,11346,3,,L“Ώ›Γ•­,μ“‡’¬,139.504402,35.98020677
11346000400,11346,4,,¤“†’Λ,μ“‡’¬,139.5015693,35.99002287
11346000500,11346,5,,•xmσΤ’Λ,μ“‡’¬,139.5021384,35.99103322
11346000700,11346,7,,‘ε’ΛΓ•­,μ“‡’¬,139.4931024,35.99683362
11346000900,11346,9,,X’Jξ‰Χ’Λ,μ“‡’¬,139.4812911,35.97461555
11346001400,11346,14,,’ΛΓ•­,μ“‡’¬,139.4595159,35.99765235
11346001500,11346,15,,ξ‰Χ’ΛΓ•­,μ“‡’¬,139.4673062,36.01154979
11346002700,11346,27,,O’|βΥ,μ“‡’¬,139.5309696,35.9513255
11347000100,11347,1,,‹g©•S‰΅Q,‹g©’¬,139.4209631,36.03983286
11347000300,11347,3,,‰H•RΓ•­,‹g©’¬,139.4269436,36.03504936
11347000700,11347,7,,–k‹g©Γ•­Q,‹g©’¬,139.4362499,36.03920259
11347000800,11347,8,,Oƒc’ΛΓ•­Q,‹g©’¬,139.4285622,36.06917192
11347000801,11347,8-001,,1†•­,‹g©’¬,139.4238771,36.03818069
11347000802,11347,8-002,,2†•­,‹g©’¬,139.4206694,36.04998045
11347000803,11347,8-003,,3†•­,‹g©’¬,139.4384848,36.04172888
11347001200,11347,12,,R‚ΜγΓ•­Q,‹g©’¬,139.4377183,36.04162067
11347001201,11347,12-001,,R‚ΜΓ•­iR‚Μγ1†•­j,‹g©’¬,139.4382333,36.04177336
11347001202,11347,12-002,,R‚Μγ2†•­,‹g©’¬,139.4231693,36.05038971
11347001203,11347,12-003,,R‚Μγ3†•­,‹g©’¬,139.4257099,36.05061177
11347001800,11347,18,,δΓ•­Q,‹g©’¬,139.442327,36.0467216
11347001801,11347,18-001,,δξ‰Χ’ΛΓ•­,‹g©’¬,139.4389127,36.04617773
11347001802,11347,18-002,,‰΅©_ΠΓ•­,‹g©’¬,139.4394944,36.04457547
11347002400,11347,24,,’ƒ‰PRΓ•­Q,‹g©’¬,139.4713606,36.03338832
11347002401,11347,24-001,,’ƒ‰PRΓ•­,‹g©’¬,139.4672312,36.03216555
11347002402,11347,24-002,,_‘γΓ•­,‹g©’¬,139.4339574,36.04753378
11347003000,11347,30,,“cb΄Γ•­Q,‹g©’¬,139.4689221,36.04104956
11347003001,11347,30-001,,M’ΛΓ•­i“cb΄1†•­j,‹g©’¬,139.466413,36.03823742
11347003002,11347,30-002,,“cb΄2†•­,‹g©’¬,139.4285279,36.06886031
11347003003,11347,30-003,,“cb΄3†•­,‹g©’¬,139.4739239,36.03889036
11347003004,11347,30-004,,“cb΄4†•­iNo.30Γ•­j,‹g©’¬,139.4458851,36.02233647
11347011500,11347,115,,‹v•Ϋ“cΓ•­Q,‹g©’¬,139.4271495,36.05770905
11347011501,11347,115-001,,Δ³¶έΣΨΓ•­,‹g©’¬,139.4498679,36.05510811
11348004700,11348,47,,’Ηƒ–’JΛβΥ,”µR’¬,139.3371066,35.98518166
11362003000,11362,30,,γ‚Μ•½Γ•­Q,F–μ’¬,139.0915737,36.08133778
11362005200,11362,52,,‘εΊΓ•­,F–μ’¬,139.087412,36.07184239
11362005600,11362,56,,“ΰθΓ•­Q,F–μ’¬,139.0922394,36.0634802
11362005700,11362,57,,’†”VΕΓ•­Q,F–μ’¬,139.0966531,36.06174013
11362006500,11362,65,,γ‚Μ•½“ό’θ’Λ,F–μ’¬,139.1300437,36.05348879
11362006700,11362,67,,‹ΰθΓ•­Qi‘εδ1†•­j,F–μ’¬,139.1112043,36.08484205
11362006800,11362,68,,‹ΰθΓ•­Qi‘εδ2†•­j,F–μ’¬,139.1110064,36.08532177
11362006900,11362,69,,‹ΰθΓ•­Qi‘εδ3†•­j,F–μ’¬,139.111678,36.08481827
11362007000,11362,70,,‹ΰθΓ•­Qi•X‰J’Λj,F–μ’¬,139.1076037,36.08363512
11362012200,11362,122,,‰Ίa“cΓ•­,F–μ’¬,139.0885185,36.06729677
11362012300,11362,123,,–φ£Γ•­Q,F–μ’¬,139.0896383,36.06560217
11362017900,11362,179,,ξ•δRΓ•­,F–μ’¬,139.1004187,36.0606066
11363500300,11363,3,,’Λ‰zΓ•­,’·“’¬,139.1211141,36.1369787
11363500900,11363,9,,¤“†’Λ,’·“’¬,139.1282419,36.13490375
11363501100,11363,11,,~χΓ•­,’·“’¬,139.1220855,36.13922501
11363501200,11363,12,,σ‘qΓ•­,’·“’¬,139.121048,36.13400292
11363502100,11363,21,,’Γ•­,’·“’¬,139.1064587,36.12211279
11363503100,11363,31,,σΤRΓ•­,’·“’¬,139.1106063,36.11311105
11363503500,11363,35,,Z“ΉΓ•­,’·“’¬,139.1102189,36.10991478
11363504100,11363,41,,γƒm‘δβΥ,’·“’¬,139.1157431,36.08687524
11365400100,11365,1,,ΫR’ΛΓ•­,¬­–μ’¬,138.99499,36.02436091
11365400800,11365,8,,•X‰J’ΛΓ•­,¬­–μ’¬,139.0315196,36.00919878
11365402000,11365,20,,ηq΄Γ•­Q,¬­–μ’¬,139.0270452,36.0102174
11365411100,11365,111,,R‚Μ_Γ•­,¬­–μ’¬,139.0445163,36.01825772
11365411400,11365,114,,t“ϊ–μ“Ή‰ΊΓ•­Q,¬­–μ’¬,139.0400214,36.01626737
11365411500,11365,115,,t“ϊ–μ“Ή‰ΊΓ•­Q,¬­–μ’¬,139.0396137,36.0163472
11365411600,11365,116,,t“ϊ–μ“Ή‰ΊΓ•­Q,¬­–μ’¬,139.0395837,36.0161181
11365411700,11365,117,,t“ϊ–μ“Ή‰ΊΓ•­Q,¬­–μ’¬,139.0393716,36.01619686
11365411800,11365,118,,t“ϊ–μ“Ή‰ΊΓ•­Q,¬­–μ’¬,139.0393298,36.01639445
11365411900,11365,119,,t“ϊ–μ“Ή‰ΊΓ•­Q,¬­–μ’¬,139.0391373,36.0161076
11365412000,11365,120,,t“ϊ–μ“Ή‰ΊΓ•­Q,¬­–μ’¬,139.0388162,36.01590153
11365412100,11365,121,,t“ϊ–μ“Ή‰ΊΓ•­Q,¬­–μ’¬,139.0379338,36.01573661
11365412200,11365,122,,‰W’ΛΓ•­,¬­–μ’¬,139.039842,36.01495528
11365412600,11365,126,,¬­΄Γ•­Q,¬­–μ’¬,139.0392535,36.01326681
11365412700,11365,127,,¬­΄Γ•­Q,¬­–μ’¬,139.0389203,36.01324789
11365412800,11365,128,,¬­΄Γ•­Q,¬­–μ’¬,139.039056,36.01304259
11365412900,11365,129,,¬­΄Γ•­Q,¬­–μ’¬,139.0389124,36.01306449
11365413000,11365,130,,¬­΄Γ•­Q,¬­–μ’¬,139.0389101,36.01291762
11365413100,11365,131,,¬­΄Γ•­Q,¬­–μ’¬,139.03889,36.01271628
11365413200,11365,132,,¬­΄Γ•­Q,¬­–μ’¬,139.0387556,36.01304954
11365413400,11365,134,,¬­΄Γ•­Q,¬­–μ’¬,139.0376746,36.01204732
11365413500,11365,135,,¬­΄Γ•­Q,¬­–μ’¬,139.0370313,36.01173158
11365413600,11365,136,,¬­΄Γ•­Q,¬­–μ’¬,139.0362751,36.01082437
11365413700,11365,137,,¬­’ΛΓ•­,¬­–μ’¬,139.0351339,36.01178377
11365413800,11365,138,,ηΞ–μΓ•­Q,¬­–μ’¬,139.0335907,36.01164045
11365413900,11365,139,,ηΞ–μΓ•­Q,¬­–μ’¬,139.0330774,36.01174227
11365414000,11365,140,,ηΞ–μΓ•­Q,¬­–μ’¬,139.0329613,36.01141741
11365414100,11365,141,,ηΞ–μΓ•­Q,¬­–μ’¬,139.0330259,36.01106187
11365414200,11365,142,,ηq΄Γ•­Q,¬­–μ’¬,139.0325548,36.00899301
11365414300,11365,143,,ηq΄Γ•­Q,¬­–μ’¬,139.0318149,36.00924769
11365414400,11365,144,,ηq΄Γ•­Q,¬­–μ’¬,139.0323402,36.00853621
11365414500,11365,145,,ηq΄Γ•­Q,¬­–μ’¬,139.0320385,36.00849372
11365414600,11365,146,,ηq΄Γ•­Q,¬­–μ’¬,139.0317406,36.00847988
11365414700,11365,147,,ηq΄Γ•­Q,¬­–μ’¬,139.0299455,36.01024275
11365414800,11365,148,,ηq΄Γ•­Q,¬­–μ’¬,139.0297854,36.01043764
11365414900,11365,149,,ηq΄Γ•­Q,¬­–μ’¬,139.0296362,36.01064659
11365415000,11365,150,,ηq΄Γ•­Q,¬­–μ’¬,139.0280073,36.01084729
11365415300,11365,153,,ΫRΓ•­,¬­–μ’¬,139.0188635,36.01344396
11365415600,11365,156,,‚¨’ΛΓ•­,¬­–μ’¬,139.032064,35.99975135
11365415900,11365,159,,‰Ί’Λ‹Γ•­,¬­–μ’¬,139.0319945,36.00787813
